row.names,id,user_id,context_id,gesture_id,gesture_confirmation_id,latitude,longitude,title,snippet,country,city,locality,timestamp
695,696,217,1,1,1,35.69348,139.7578,Feeling HAPPY,"08-07-2015, 4:22 PM",NULL,NULL,NULL,1436340000000
696,697,219,1,2,2,35.76796,139.7892,Feeling OKAY,"08-07-2015, 8:09 PM",NULL,NULL,NULL,1436354000000
697,698,220,1,1,1,35.36455,135.2459,???,"08-07-2015, 8:19 ??",NULL,NULL,NULL,1436354000000
698,699,222,1,1,2,35.15232,136.9435,????,"08-07-2015, 8:35 ??",NULL,NULL,NULL,1436355000000
699,700,223,1,2,2,36.0545,139.5379,????,"08-07-2015, 8:35 ??",NULL,NULL,NULL,1436355000000
700,701,219,1,2,2,35.76935,139.7895,Feeling OKAY,"08-07-2015, 8:36 PM",NULL,NULL,NULL,1436355000000
701,702,218,1,1,1,35.69618,139.7607,Feeling HAPPY,"08-07-2015, 8:44 PM",NULL,NULL,NULL,1436356000000
702,703,102,1,1,1,35.65012,140.0341,???,"08-07-2015, 8:46 ??",NULL,NULL,NULL,1436356000000
703,704,224,1,2,2,35.69618,139.7608,Feeling OKAY,"08-07-2015, 8:48 PM",NULL,NULL,NULL,1436356000000
704,705,226,1,1,1,35.68418,139.8453,???,"08-07-2015, 8:50 ??",NULL,NULL,NULL,1436356000000
705,706,227,1,2,2,33.57927,130.3887,????,"08-07-2015, 8:52 ??",NULL,NULL,NULL,1436356000000
706,707,228,1,1,1,35.66302,140.0415,???,"08-07-2015, 8:56 ??",NULL,NULL,NULL,1436357000000
707,708,229,1,2,2,40.6367,140.4944,????,"08-07-2015, 8:58 ??",NULL,NULL,NULL,1436357000000
708,709,232,1,3,1,33.40347,130.5157,???,"08-07-2015, 9:31 ??",NULL,NULL,NULL,1436359000000
709,710,233,1,1,1,35.56887,139.6306,???,"08-07-2015, 9:41 ??",NULL,NULL,NULL,1436359000000
710,711,235,1,1,3,35.02906,136.6791,?????,"08-07-2015, 10:09 ??",NULL,NULL,NULL,1436361000000
711,712,166,1,1,1,36.66288,139.0846,???,"08-07-2015, 10:13 PM",NULL,NULL,NULL,1436361000000
712,713,236,1,1,3,36.01573,139.659,?????,"08-07-2015, 10:15 ??",NULL,NULL,NULL,1436361000000
713,714,237,1,2,2,34.7111,135.5114,????,"08-07-2015, 10:38 ??",NULL,NULL,NULL,1436363000000
714,715,238,1,2,2,33.17579,129.6647,????,"08-07-2015, 11:00 ??",NULL,NULL,NULL,1436364000000
715,716,239,1,2,2,35.66193,139.7923,????,"08-07-2015, 11:14 ??",NULL,NULL,NULL,1436365000000
716,717,240,1,2,2,35.71315,139.7041,????,"08-07-2015, 11:17 ??",NULL,NULL,NULL,1436365000000
717,718,241,1,2,2,35.79635,139.9155,????,"08-07-2015, 11:23 ??",NULL,NULL,NULL,1436365000000
718,719,243,1,1,1,26.25237,127.7575,???,"09-07-2015, 12:25 ??",NULL,NULL,NULL,1436369000000
719,720,244,1,2,2,35.57654,139.5938,????,"09-07-2015, 12:27 ??",NULL,NULL,NULL,1436369000000
720,721,243,1,1,1,26.25359,127.7561,???,"09-07-2015, 12:27 ??",NULL,NULL,NULL,1436369000000
721,722,219,1,2,2,35.76796,139.7892,Feeling OKAY,"09-07-2015, 12:38 AM",NULL,NULL,NULL,1436370000000
722,723,222,1,2,2,35.15367,136.9433,????,"09-07-2015, 12:40 ??",NULL,NULL,NULL,1436370000000
723,724,219,1,2,2,35.76707,139.7889,Feeling OKAY,"09-07-2015, 12:41 AM",NULL,NULL,NULL,1436370000000
724,726,222,1,2,2,35.15232,136.9436,????,"09-07-2015, 12:51 ??",NULL,NULL,NULL,1436371000000
725,727,246,1,2,1,33.53921,133.5038,???,"09-07-2015, 12:51 ??",NULL,NULL,NULL,1436371000000
726,728,247,1,1,1,26.25283,127.7561,???,"09-07-2015, 1:08 AM",NULL,NULL,NULL,1436372000000
727,729,249,1,1,1,35.71548,139.7841,???,"09-07-2015, 5:05 ??",NULL,NULL,NULL,1436386000000
728,730,250,1,2,2,34.65295,134.5118,????,"09-07-2015, 5:33 ??",NULL,NULL,NULL,1436388000000
729,731,232,1,1,1,33.40591,130.5175,???,"09-07-2015, 5:42 ??",NULL,NULL,NULL,1436388000000
730,732,250,1,1,1,34.65898,134.5156,???,"09-07-2015, 7:11 ??",NULL,NULL,NULL,1436393000000
731,733,250,1,1,1,34.64957,134.5155,???,"09-07-2015, 7:15 ??",NULL,NULL,NULL,1436394000000
732,734,252,1,1,1,39.77195,141.1367,???,"09-07-2015, 7:36 ??",NULL,NULL,NULL,1436395000000
733,735,251,1,2,1,35.91328,139.4779,???,"09-07-2015, 7:19 ??",NULL,NULL,NULL,1436394000000
734,736,251,1,1,1,35.90727,139.4831,???,"09-07-2015, 7:24 ??",NULL,NULL,NULL,1436394000000
735,737,253,1,1,1,34.65208,134.5092,???,"09-07-2015, 7:30 ??",NULL,NULL,NULL,1436395000000
736,738,244,1,2,2,35.57859,139.5942,????,"09-07-2015, 7:44 ??",NULL,NULL,NULL,1436395000000
737,739,226,1,2,2,35.64851,139.7524,????,"09-07-2015, 7:47 ??",NULL,NULL,NULL,1436396000000
738,740,244,1,2,2,35.58105,139.5934,????,"09-07-2015, 7:49 ??",NULL,NULL,NULL,1436396000000
739,741,244,1,2,2,35.58271,139.5925,????,"09-07-2015, 7:53 ??",NULL,NULL,NULL,1436396000000
740,742,248,1,1,2,43.0367,141.3631,????,"09-07-2015, 7:55 ??",NULL,NULL,NULL,1436396000000
741,743,226,1,2,2,35.64889,139.7535,????,"09-07-2015, 7:57 ??",NULL,NULL,NULL,1436396000000
742,744,219,1,1,1,35.76798,139.7892,Feeling HAPPY,"09-07-2015, 7:58 AM",NULL,NULL,NULL,1436396000000
743,745,228,1,2,2,35.71371,139.7043,????,"09-07-2015, 8:20 ??",NULL,NULL,NULL,1436398000000
744,746,244,1,1,1,35.60091,139.6125,???,"09-07-2015, 8:21 ??",NULL,NULL,NULL,1436398000000
745,747,228,1,2,2,35.70032,139.7012,????,"09-07-2015, 8:21 ??",NULL,NULL,NULL,1436398000000
746,748,249,1,2,2,35.716,139.781,????,"09-07-2015, 8:21 ??",NULL,NULL,NULL,1436398000000
747,749,244,1,1,1,35.61152,139.6265,???,"09-07-2015, 8:22 ??",NULL,NULL,NULL,1436398000000
748,750,228,1,2,2,35.69007,139.7012,????,"09-07-2015, 8:22 ??",NULL,NULL,NULL,1436398000000
749,751,244,1,1,1,35.60861,139.6475,???,"09-07-2015, 8:27 ??",NULL,NULL,NULL,1436398000000
750,752,249,1,2,2,35.71412,139.7782,????,"09-07-2015, 8:28 ??",NULL,NULL,NULL,1436398000000
751,753,230,1,1,1,35.72815,139.818,???,"09-07-2015, 8:29 AM",NULL,NULL,NULL,1436398000000
752,754,249,1,2,1,35.71316,139.7767,???,"09-07-2015, 8:31 ??",NULL,NULL,NULL,1436398000000
753,755,243,1,2,2,26.25268,127.7565,????,"09-07-2015, 8:37 ??",NULL,NULL,NULL,1436399000000
754,756,228,1,2,2,35.64968,139.6995,????,"09-07-2015, 8:38 ??",NULL,NULL,NULL,1436399000000
755,757,255,1,1,1,35.64515,139.701,???,"09-07-2015, 8:51 ??",NULL,NULL,NULL,1436399000000
756,758,258,1,3,1,39.85294,141.1106,???,"09-07-2015, 9:05 ??",NULL,NULL,NULL,1436400000000
757,759,239,1,2,2,35.67045,139.7745,????,"09-07-2015, 9:11 ??",NULL,NULL,NULL,1436401000000
758,760,219,1,1,1,35.75156,139.8059,Feeling HAPPY,"09-07-2015, 9:12 AM",NULL,NULL,NULL,1436401000000
759,761,222,1,1,1,35.15115,136.9441,???,"09-07-2015, 9:32 ??",NULL,NULL,NULL,1436402000000
760,762,249,1,1,1,35.67637,139.7623,???,"09-07-2015, 9:33 ??",NULL,NULL,NULL,1436402000000
761,763,260,1,2,2,34.45557,135.3802,????,"09-07-2015, 9:39 ??",NULL,NULL,NULL,1436402000000
762,764,229,1,1,1,40.59912,140.4666,???,"09-07-2015, 9:49 ??",NULL,NULL,NULL,1436403000000
763,765,222,1,1,3,35.15235,136.9435,?????,"09-07-2015, 9:50 ??",NULL,NULL,NULL,1436403000000
764,766,261,1,1,1,34.65375,135.5386,???,"09-07-2015, 9:51 ??",NULL,NULL,NULL,1436403000000
765,767,263,1,1,1,38.24005,140.892,???,"09-07-2015, 11:38 ??",NULL,NULL,NULL,1436410000000
766,768,244,1,1,1,35.62948,139.7434,???,"09-07-2015, 12:06 ??",NULL,NULL,NULL,1436411000000
767,769,223,1,1,1,36.02532,139.5955,???,"09-07-2015, 12:07 ??",NULL,NULL,NULL,1436411000000
768,770,219,1,1,1,35.72806,139.7121,Feeling HAPPY,"09-07-2015, 12:12 PM",NULL,NULL,NULL,1436412000000
769,771,251,1,1,1,35.65833,139.7078,???,"09-07-2015, 12:15 ??",NULL,NULL,NULL,1436412000000
770,772,232,1,1,1,33.20531,130.3734,???,"09-07-2015, 12:18 ??",NULL,NULL,NULL,1436412000000
771,773,264,1,2,2,35.49194,139.6143,????,"09-07-2015, 12:20 ??",NULL,NULL,NULL,1436412000000
772,774,166,1,1,1,36.64997,139.058,???,"09-07-2015, 12:27 PM",NULL,NULL,NULL,1436412000000
773,775,265,1,2,2,36.09397,139.6669,????,"09-07-2015, 12:31 ??",NULL,NULL,NULL,1436413000000
774,776,266,1,2,2,35.69732,139.8264,????,"09-07-2015, 12:33 ??",NULL,NULL,NULL,1436413000000
775,777,256,1,3,1,35.69736,139.8265,???,"09-07-2015, 12:34 ??",NULL,NULL,NULL,1436413000000
776,778,219,1,2,2,35.72722,139.7103,Feeling OKAY,"09-07-2015, 12:39 PM",NULL,NULL,NULL,1436413000000
777,779,230,1,1,1,35.68634,139.7999,???,"09-07-2015, 12:40 PM",NULL,NULL,NULL,1436413000000
778,780,228,1,2,2,35.71492,139.7181,????,"09-07-2015, 12:45 ??",NULL,NULL,NULL,1436414000000
779,781,228,1,2,2,35.71492,139.7181,????,"09-07-2015, 12:45 ??",NULL,NULL,NULL,1436414000000
780,782,252,1,3,1,39.78432,141.1283,???,"09-07-2015, 1:05 ??",NULL,NULL,NULL,1436415000000
781,783,228,1,2,2,35.55241,139.4484,????,"09-07-2015, 1:03 ??",NULL,NULL,NULL,1436415000000
782,784,228,1,2,2,35.1531,139.0049,????,"09-07-2015, 1:07 ??",NULL,NULL,NULL,1436415000000
783,785,228,1,3,3,34.44661,137.7525,?????,"09-07-2015, 1:13 ??",NULL,NULL,NULL,1436415000000
784,786,228,1,3,3,34.44661,137.7525,?????,"09-07-2015, 1:13 ??",NULL,NULL,NULL,1436415000000
785,787,228,1,3,3,34.44661,137.7525,?????,"09-07-2015, 1:13 ??",NULL,NULL,NULL,1436415000000
786,788,228,1,3,3,34.44661,137.7525,?????,"09-07-2015, 1:13 ??",NULL,NULL,NULL,1436415000000
787,789,228,1,3,3,34.44661,137.7525,?????,"09-07-2015, 1:13 ??",NULL,NULL,NULL,1436415000000
788,790,228,1,3,3,34.44661,137.7525,?????,"09-07-2015, 1:13 ??",NULL,NULL,NULL,1436415000000
789,791,228,1,3,3,34.44661,137.7525,?????,"09-07-2015, 1:13 ??",NULL,NULL,NULL,1436415000000
790,792,228,1,3,3,34.44661,137.7525,?????,"09-07-2015, 1:13 ??",NULL,NULL,NULL,1436415000000
791,793,166,1,1,1,36.65757,139.0757,???,"09-07-2015, 1:32 PM",NULL,NULL,NULL,1436416000000
792,794,244,1,2,2,35.62894,139.7444,????,"09-07-2015, 1:44 ??",NULL,NULL,NULL,1436417000000
793,795,222,1,2,2,35.15199,136.9447,????,"09-07-2015, 1:57 ??",NULL,NULL,NULL,1436418000000
794,796,230,1,1,1,35.68394,139.7986,???,"09-07-2015, 2:07 PM",NULL,NULL,NULL,1436418000000
795,797,226,1,2,2,35.64852,139.7524,????,"09-07-2015, 2:20 ??",NULL,NULL,NULL,1436419000000
796,798,240,1,2,1,35.71849,139.6699,???,"09-07-2015, 2:23 ??",NULL,NULL,NULL,1436419000000
797,799,249,1,2,2,35.67742,139.7627,????,"09-07-2015, 2:23 ??",NULL,NULL,NULL,1436419000000
798,800,249,1,2,2,35.67889,139.763,????,"09-07-2015, 2:26 ??",NULL,NULL,NULL,1436420000000
799,801,241,1,3,3,35.8001,139.9119,?????,"09-07-2015, 2:30 ??",NULL,NULL,NULL,1436420000000
800,802,267,1,1,1,33.56783,130.4326,???,"09-07-2015, 2:37 ??",NULL,NULL,NULL,1436420000000
801,803,113,1,1,2,34.56477,132.8458,????,"09-07-2015, 2:38 ??",NULL,NULL,NULL,1436420000000
802,804,260,1,2,2,34.45672,135.3824,????,"09-07-2015, 3:08 ??",NULL,NULL,NULL,1436422000000
803,805,237,1,3,3,34.69922,135.4987,?????,"09-07-2015, 3:14 ??",NULL,NULL,NULL,1436422000000
804,806,263,1,2,2,38.24402,140.901,????,"09-07-2015, 3:41 ??",NULL,NULL,NULL,1436424000000
805,807,265,1,3,3,35.9852,139.835,?????,"09-07-2015, 3:50 ??",NULL,NULL,NULL,1436425000000
806,808,263,1,2,1,38.25199,140.9206,???,"09-07-2015, 4:03 ??",NULL,NULL,NULL,1436425000000
807,809,237,1,3,3,34.70913,135.5085,?????,"09-07-2015, 4:02 ??",NULL,NULL,NULL,1436425000000
808,810,268,1,3,3,40.80593,140.7601,?????,"09-07-2015, 4:27 ??",NULL,NULL,NULL,1436427000000
809,811,219,1,2,2,35.76797,139.7892,Feeling OKAY,"09-07-2015, 4:33 PM",NULL,NULL,NULL,1436427000000
810,812,266,1,1,1,35.72982,139.7128,???,"09-07-2015, 4:34 ??",NULL,NULL,NULL,1436427000000
811,813,234,1,2,2,33.98037,133.5513,????,"09-07-2015, 4:34 ??",NULL,NULL,NULL,1436427000000
812,814,219,1,2,2,35.76769,139.7903,Feeling OKAY,"09-07-2015, 4:37 PM",NULL,NULL,NULL,1436427000000
813,815,256,1,2,2,35.73038,139.7114,????,"09-07-2015, 4:37 ??",NULL,NULL,NULL,1436427000000
814,816,219,1,2,2,35.76696,139.7892,Feeling OKAY,"09-07-2015, 4:39 PM",NULL,NULL,NULL,1436428000000
815,817,263,1,1,1,38.25524,140.918,???,"09-07-2015, 4:42 ??",NULL,NULL,NULL,1436428000000
816,818,269,1,3,3,34.45642,135.3798,?????,"09-07-2015, 4:46 ??",NULL,NULL,NULL,1436428000000
817,819,234,1,2,2,33.97834,133.5412,????,"09-07-2015, 4:47 ??",NULL,NULL,NULL,1436428000000
818,820,267,1,2,2,33.56793,130.3357,????,"09-07-2015, 4:53 ??",NULL,NULL,NULL,1436428000000
819,821,270,1,3,1,34.80336,137.3459,???,"09-07-2015, 5:18 ??",NULL,NULL,NULL,1436430000000
820,822,271,1,2,2,35.69757,139.7414,????,"09-07-2015, 5:28 ??",NULL,NULL,NULL,1436431000000
821,823,243,1,2,2,26.23863,127.7349,????,"09-07-2015, 5:29 ??",NULL,NULL,NULL,1436431000000
822,824,232,1,3,1,33.34191,130.4377,???,"09-07-2015, 5:39 ??",NULL,NULL,NULL,1436431000000
823,825,232,1,1,1,33.34319,130.4418,???,"09-07-2015, 5:40 ??",NULL,NULL,NULL,1436431000000
824,826,239,1,3,3,35.69832,139.75,?????,"09-07-2015, 5:44 ??",NULL,NULL,NULL,1436431000000
825,827,251,1,1,1,35.64594,139.701,???,"09-07-2015, 5:45 ??",NULL,NULL,NULL,1436432000000
826,828,265,1,2,2,36.09564,139.6721,????,"09-07-2015, 5:48 ??",NULL,NULL,NULL,1436432000000
827,829,228,1,1,1,33.89886,130.8644,???,"09-07-2015, 5:48 ??",NULL,NULL,NULL,1436432000000
828,830,228,1,2,2,34.00679,130.9728,????,"09-07-2015, 5:49 ??",NULL,NULL,NULL,1436432000000
829,831,228,1,2,2,34.01383,131.2024,????,"09-07-2015, 5:50 ??",NULL,NULL,NULL,1436432000000
830,832,228,1,3,3,34.088,131.399,?????,"09-07-2015, 5:51 ??",NULL,NULL,NULL,1436432000000
831,833,228,1,3,3,34.09923,131.4521,?????,"09-07-2015, 5:52 ??",NULL,NULL,NULL,1436432000000
832,834,228,1,3,3,34.08807,131.4902,?????,"09-07-2015, 5:52 ??",NULL,NULL,NULL,1436432000000
833,835,228,1,2,2,34.056,131.5138,????,"09-07-2015, 5:53 ??",NULL,NULL,NULL,1436432000000
834,836,228,1,1,1,34.0565,131.5614,???,"09-07-2015, 5:53 ??",NULL,NULL,NULL,1436432000000
835,837,251,1,3,1,35.69688,139.7076,???,"09-07-2015, 5:58 ??",NULL,NULL,NULL,1436432000000
836,838,228,1,1,1,34.38841,132.4595,???,"09-07-2015, 6:00 ??",NULL,NULL,NULL,1436432000000
837,839,241,1,3,1,35.77017,139.8435,???,"09-07-2015, 6:09 ??",NULL,NULL,NULL,1436433000000
838,840,222,1,2,2,35.14945,136.9373,????,"09-07-2015, 6:10 ??",NULL,NULL,NULL,1436433000000
839,841,244,1,2,2,35.6072,139.7349,????,"09-07-2015, 6:28 ??",NULL,NULL,NULL,1436434000000
840,842,249,1,2,2,35.71538,139.7842,????,"09-07-2015, 6:33 ??",NULL,NULL,NULL,1436434000000
841,843,249,1,2,3,35.71625,139.7836,?????,"09-07-2015, 6:42 ??",NULL,NULL,NULL,1436435000000
842,844,265,1,2,2,35.98469,139.8365,????,"09-07-2015, 6:45 ??",NULL,NULL,NULL,1436435000000
843,845,267,1,2,2,33.57641,130.3232,????,"09-07-2015, 7:14 ??",NULL,NULL,NULL,1436437000000
844,846,272,1,2,2,35.18549,136.9719,????,"09-07-2015, 7:25 ??",NULL,NULL,NULL,1436438000000
845,847,254,1,2,1,33.55544,133.5611,???,"09-07-2015, 7:31 ??",NULL,NULL,NULL,1436438000000
846,848,254,1,1,1,33.56335,133.5624,???,"09-07-2015, 7:35 ??",NULL,NULL,NULL,1436438000000
847,849,261,1,1,1,34.6694,135.4761,???,"09-07-2015, 7:48 ??",NULL,NULL,NULL,1436439000000
848,850,226,1,2,2,35.68415,139.8454,????,"09-07-2015, 7:53 ??",NULL,NULL,NULL,1436439000000
849,851,273,1,1,1,35.58235,140.1309,???,"09-07-2015, 7:53 ??",NULL,NULL,NULL,1436439000000
850,852,273,1,1,1,35.56438,140.1343,???,"09-07-2015, 7:56 ??",NULL,NULL,NULL,1436439000000
851,853,273,1,1,1,35.55218,140.1323,???,"09-07-2015, 7:56 ??",NULL,NULL,NULL,1436439000000
852,854,273,1,1,1,35.55131,140.1313,???,"09-07-2015, 7:57 ??",NULL,NULL,NULL,1436439000000
853,855,223,1,3,3,36.05451,139.5379,?????,"09-07-2015, 8:04 ??",NULL,NULL,NULL,1436440000000
854,856,274,1,1,1,35.50363,139.417,???,"09-07-2015, 8:26 ??",NULL,NULL,NULL,1436441000000
855,857,219,1,3,3,35.76796,139.7892,Feeling SAD,"09-07-2015, 8:58 PM",NULL,NULL,NULL,1436443000000
856,858,275,1,2,1,34.86824,137.0427,???,"09-07-2015, 9:03 ??",NULL,NULL,NULL,1436443000000
857,859,269,1,3,1,34.45738,135.3793,???,"09-07-2015, 9:08 ??",NULL,NULL,NULL,1436444000000
858,860,219,1,2,2,35.76831,139.7903,Feeling OKAY,"09-07-2015, 9:17 PM",NULL,NULL,NULL,1436444000000
859,861,219,1,2,2,35.76882,139.7913,Feeling OKAY,"09-07-2015, 9:19 PM",NULL,NULL,NULL,1436444000000
860,862,261,1,1,1,34.66809,135.4796,???,"09-07-2015, 9:44 ??",NULL,NULL,NULL,1436446000000
861,863,277,1,2,3,35.70195,139.5975,?????,"09-07-2015, 9:45 ??",NULL,NULL,NULL,1436446000000
862,864,278,1,3,3,36.34936,140.4868,?????,"09-07-2015, 9:47 ??",NULL,NULL,NULL,1436446000000
863,865,261,1,1,1,34.65017,135.5004,???,"09-07-2015, 9:54 ??",NULL,NULL,NULL,1436446000000
864,866,241,1,2,1,35.68604,139.7647,???,"09-07-2015, 9:55 ??",NULL,NULL,NULL,1436447000000
865,867,228,1,3,3,34.44958,133.3659,?????,"09-07-2015, 10:13 ??",NULL,NULL,NULL,1436448000000
866,868,228,1,2,2,34.72995,135.1594,????,"09-07-2015, 10:14 ??",NULL,NULL,NULL,1436448000000
867,869,228,1,2,2,34.72995,135.1594,????,"09-07-2015, 10:14 ??",NULL,NULL,NULL,1436448000000
868,870,239,1,2,2,35.66195,139.7923,????,"09-07-2015, 10:14 ??",NULL,NULL,NULL,1436448000000
869,871,228,1,1,1,34.673,135.4916,???,"09-07-2015, 10:15 ??",NULL,NULL,NULL,1436448000000
870,872,228,1,1,1,34.673,135.4916,???,"09-07-2015, 10:15 ??",NULL,NULL,NULL,1436448000000
871,873,228,1,1,1,34.673,135.4916,???,"09-07-2015, 10:15 ??",NULL,NULL,NULL,1436448000000
872,874,228,1,1,1,34.673,135.4916,???,"09-07-2015, 10:15 ??",NULL,NULL,NULL,1436448000000
873,875,228,1,1,1,34.673,135.4916,???,"09-07-2015, 10:15 ??",NULL,NULL,NULL,1436448000000
874,876,228,1,1,1,34.673,135.4916,???,"09-07-2015, 10:15 ??",NULL,NULL,NULL,1436448000000
875,877,228,1,1,1,34.673,135.4916,???,"09-07-2015, 10:15 ??",NULL,NULL,NULL,1436448000000
876,878,228,1,1,1,34.673,135.4916,???,"09-07-2015, 10:15 ??",NULL,NULL,NULL,1436448000000
877,879,244,1,2,2,35.57641,139.5938,????,"09-07-2015, 10:15 ??",NULL,NULL,NULL,1436448000000
878,880,228,1,2,2,34.69537,135.5502,????,"09-07-2015, 10:17 ??",NULL,NULL,NULL,1436448000000
879,881,251,1,2,1,35.90507,139.464,???,"09-07-2015, 10:19 ??",NULL,NULL,NULL,1436448000000
880,882,241,1,2,2,35.75457,139.8068,????,"09-07-2015, 10:18 ??",NULL,NULL,NULL,1436448000000
881,883,279,1,1,1,35.85084,139.8684,???,"09-07-2015, 10:22 ??",NULL,NULL,NULL,1436448000000
882,884,244,1,2,2,35.57551,139.5947,????,"09-07-2015, 10:39 ??",NULL,NULL,NULL,1436449000000
883,885,244,1,2,2,35.57527,139.5961,????,"09-07-2015, 10:41 ??",NULL,NULL,NULL,1436449000000
884,886,222,1,2,3,35.15234,136.9435,?????,"09-07-2015, 10:42 ??",NULL,NULL,NULL,1436449000000
885,887,230,1,2,2,35.96871,139.7674,????,"09-07-2015, 10:43 PM",NULL,NULL,NULL,1436449000000
886,888,244,1,1,3,35.57549,139.5937,?????,"09-07-2015, 10:45 ??",NULL,NULL,NULL,1436450000000
887,889,267,1,2,2,33.57265,130.3209,????,"09-07-2015, 11:01 ??",NULL,NULL,NULL,1436450000000
888,890,280,1,1,1,37.86275,139.114,???,"09-07-2015, 11:19 ??",NULL,NULL,NULL,1436452000000
889,891,252,1,2,2,39.77201,141.1369,????,"09-07-2015, 11:46 ??",NULL,NULL,NULL,1436453000000
890,892,281,1,1,1,35.50334,139.6625,???,"09-07-2015, 11:45 PM",NULL,NULL,NULL,1436453000000
891,893,255,1,1,1,35.74362,139.5839,???,"09-07-2015, 11:54 ??",NULL,NULL,NULL,1436454000000
892,894,255,1,1,1,35.74722,139.5926,???,"09-07-2015, 11:54 ??",NULL,NULL,NULL,1436454000000
893,895,219,1,2,2,35.76795,139.7892,Feeling OKAY,"10-07-2015, 1:20 AM",NULL,NULL,NULL,1436459000000
894,896,269,1,2,1,34.45784,135.3788,???,"10-07-2015, 1:22 ??",NULL,NULL,NULL,1436459000000
895,897,269,1,3,1,34.45691,135.3798,???,"10-07-2015, 1:25 ??",NULL,NULL,NULL,1436459000000
896,898,241,1,2,2,35.79637,139.9155,????,"10-07-2015, 2:18 ??",NULL,NULL,NULL,1436462000000
897,899,249,1,1,1,35.71542,139.7842,???,"10-07-2015, 4:51 ??",NULL,NULL,NULL,1436471000000
898,900,226,1,1,2,35.68775,139.8454,????,"10-07-2015, 5:38 ??",NULL,NULL,NULL,1436474000000
899,901,226,1,1,2,35.68866,139.8453,????,"10-07-2015, 5:39 ??",NULL,NULL,NULL,1436474000000
900,902,274,1,2,2,35.49925,139.4086,????,"10-07-2015, 6:13 ??",NULL,NULL,NULL,1436476000000
901,903,232,1,2,2,33.4022,130.5286,????,"10-07-2015, 6:30 ??",NULL,NULL,NULL,1436477000000
902,904,274,1,1,1,35.51077,139.4188,???,"10-07-2015, 6:32 ??",NULL,NULL,NULL,1436478000000
903,905,274,1,1,1,35.51542,139.4225,???,"10-07-2015, 6:33 ??",NULL,NULL,NULL,1436478000000
904,906,255,1,1,2,35.79657,139.438,????,"10-07-2015, 6:51 ??",NULL,NULL,NULL,1436479000000
905,907,269,1,1,1,34.45557,135.3804,???,"10-07-2015, 6:52 ??",NULL,NULL,NULL,1436479000000
906,908,266,1,1,1,35.45191,139.3914,???,"10-07-2015, 6:54 ??",NULL,NULL,NULL,1436479000000
907,909,256,1,2,2,35.45494,139.3939,????,"10-07-2015, 6:56 ??",NULL,NULL,NULL,1436479000000
908,910,251,1,2,2,35.91325,139.4779,????,"10-07-2015, 7:10 ??",NULL,NULL,NULL,1436480000000
909,911,269,1,3,1,34.45592,135.3816,???,"10-07-2015, 7:14 ??",NULL,NULL,NULL,1436480000000
910,912,255,1,2,2,35.78772,139.4736,????,"10-07-2015, 7:44 ??",NULL,NULL,NULL,1436482000000
911,913,244,1,2,2,35.60029,139.6111,????,"10-07-2015, 7:51 ??",NULL,NULL,NULL,1436482000000
912,914,273,1,1,1,35.66166,140.0214,???,"10-07-2015, 7:55 ??",NULL,NULL,NULL,1436483000000
913,915,279,1,1,1,35.87515,139.7899,???,"10-07-2015, 8:03 ??",NULL,NULL,NULL,1436483000000
914,916,228,1,2,2,35.66304,139.6829,????,"10-07-2015, 8:33 ??",NULL,NULL,NULL,1436485000000
915,917,228,1,1,1,35.6995,139.6828,???,"10-07-2015, 8:35 ??",NULL,NULL,NULL,1436485000000
916,918,228,1,1,1,35.6995,139.6828,???,"10-07-2015, 8:35 ??",NULL,NULL,NULL,1436485000000
917,919,277,1,2,3,35.69779,139.5995,?????,"10-07-2015, 8:46 ??",NULL,NULL,NULL,1436486000000
918,920,249,1,2,2,35.67539,139.7636,????,"10-07-2015, 8:56 ??",NULL,NULL,NULL,1436486000000
919,921,228,1,2,2,35.71135,139.6924,????,"10-07-2015, 8:56 ??",NULL,NULL,NULL,1436486000000
920,922,285,1,2,2,43.03137,141.4371,????,"10-07-2015, 9:04 ??",NULL,NULL,NULL,1436487000000
921,923,279,1,1,1,35.68488,139.783,???,"10-07-2015, 9:05 ??",NULL,NULL,NULL,1436487000000
922,924,219,1,1,1,35.75155,139.8058,Feeling HAPPY,"10-07-2015, 9:07 AM",NULL,NULL,NULL,1436487000000
923,925,230,1,1,1,35.68624,139.8001,???,"10-07-2015, 9:50 AM",NULL,NULL,NULL,1436489000000
924,926,258,1,1,1,39.98498,141.1272,???,"10-07-2015, 10:01 ??",NULL,NULL,NULL,1436490000000
925,927,263,1,1,1,38.25071,140.9279,???,"10-07-2015, 10:30 ??",NULL,NULL,NULL,1436492000000
926,928,263,1,1,2,38.25182,140.9418,????,"10-07-2015, 10:34 ??",NULL,NULL,NULL,1436492000000
927,929,243,1,2,2,26.21976,127.7148,????,"10-07-2015, 10:37 ??",NULL,NULL,NULL,1436492000000
928,930,252,1,2,2,39.77216,141.1384,????,"10-07-2015, 11:08 ??",NULL,NULL,NULL,1436494000000
929,931,222,1,2,2,35.16093,136.9242,????,"10-07-2015, 11:12 ??",NULL,NULL,NULL,1436494000000
930,932,266,1,1,1,35.69462,139.8238,???,"10-07-2015, 11:14 ??",NULL,NULL,NULL,1436494000000
931,933,256,1,1,1,35.69465,139.824,???,"10-07-2015, 11:14 ??",NULL,NULL,NULL,1436494000000
932,934,261,1,1,1,34.62393,135.5585,???,"10-07-2015, 11:23 ??",NULL,NULL,NULL,1436495000000
933,935,274,1,1,1,35.6568,139.7807,???,"10-07-2015, 11:35 ??",NULL,NULL,NULL,1436496000000
934,936,274,1,3,3,35.65726,139.7817,?????,"10-07-2015, 11:38 ??",NULL,NULL,NULL,1436496000000
935,937,244,1,2,2,35.62859,139.7414,????,"10-07-2015, 11:53 ??",NULL,NULL,NULL,1436497000000
936,938,244,1,2,2,35.63063,139.7417,????,"10-07-2015, 11:53 ??",NULL,NULL,NULL,1436497000000
937,939,244,1,2,2,35.629,139.7415,????,"10-07-2015, 11:57 ??",NULL,NULL,NULL,1436497000000
938,940,251,1,1,1,35.65822,139.7075,???,"10-07-2015, 12:01 ??",NULL,NULL,NULL,1436497000000
939,941,252,1,2,2,39.77442,141.1469,????,"10-07-2015, 12:21 ??",NULL,NULL,NULL,1436499000000
940,942,278,1,3,3,36.32769,140.4652,?????,"10-07-2015, 12:04 ??",NULL,NULL,NULL,1436497000000
941,943,269,1,3,1,34.45631,135.3809,???,"10-07-2015, 12:07 ??",NULL,NULL,NULL,1436498000000
942,944,223,1,1,1,36.02537,139.5956,???,"10-07-2015, 12:25 ??",NULL,NULL,NULL,1436499000000
943,945,248,1,1,1,43.03591,141.4228,???,"10-07-2015, 12:34 ??",NULL,NULL,NULL,1436499000000
944,946,222,1,2,2,35.15524,136.918,????,"10-07-2015, 12:44 ??",NULL,NULL,NULL,1436500000000
945,947,219,1,2,2,35.72835,139.7121,Feeling OKAY,"10-07-2015, 1:08 PM",NULL,NULL,NULL,1436501000000
946,948,228,1,1,1,35.71496,139.704,???,"10-07-2015, 1:08 ??",NULL,NULL,NULL,1436501000000
947,949,232,1,2,2,33.2053,130.3734,????,"10-07-2015, 1:11 ??",NULL,NULL,NULL,1436501000000
948,950,228,1,1,1,35.72593,139.722,???,"10-07-2015, 1:12 ??",NULL,NULL,NULL,1436502000000
949,951,249,1,1,3,35.6743,139.7641,?????,"10-07-2015, 1:13 ??",NULL,NULL,NULL,1436502000000
950,952,228,1,1,1,35.73225,139.7237,???,"10-07-2015, 1:15 ??",NULL,NULL,NULL,1436502000000
951,953,228,1,2,2,35.73578,139.7295,????,"10-07-2015, 1:24 ??",NULL,NULL,NULL,1436502000000
952,954,287,1,1,1,31.53892,130.5196,???,"10-07-2015, 1:27 PM",NULL,NULL,NULL,1436502000000
953,955,228,1,1,1,35.73232,139.7351,???,"10-07-2015, 1:31 ??",NULL,NULL,NULL,1436503000000
954,956,228,1,1,1,35.72711,139.7382,???,"10-07-2015, 1:32 ??",NULL,NULL,NULL,1436503000000
955,957,228,1,2,2,35.7289,139.746,????,"10-07-2015, 1:32 ??",NULL,NULL,NULL,1436503000000
956,958,228,1,2,2,35.73716,139.7632,????,"10-07-2015, 1:35 ??",NULL,NULL,NULL,1436503000000
957,959,228,1,3,3,35.73344,139.7722,?????,"10-07-2015, 1:35 ??",NULL,NULL,NULL,1436503000000
958,960,288,1,1,1,35.80301,139.4363,???,"10-07-2015, 1:52 ??",NULL,NULL,NULL,1436504000000
959,961,289,1,1,1,34.81365,134.6474,???,"10-07-2015, 1:55 ??",NULL,NULL,NULL,1436504000000
960,962,290,1,1,1,34.43206,132.7545,???,"10-07-2015, 2:05 ??",NULL,NULL,NULL,1436505000000
961,963,219,1,2,2,35.72897,139.7112,Feeling OKAY,"10-07-2015, 2:21 PM",NULL,NULL,NULL,1436506000000
962,964,219,1,2,2,35.72986,139.711,Feeling OKAY,"10-07-2015, 2:23 PM",NULL,NULL,NULL,1436506000000
963,965,219,1,1,1,35.72851,139.7116,Feeling HAPPY,"10-07-2015, 2:26 PM",NULL,NULL,NULL,1436506000000
964,966,230,1,2,2,35.6849,139.8162,????,"10-07-2015, 2:30 PM",NULL,NULL,NULL,1436506000000
965,967,234,1,2,2,33.98534,133.549,????,"10-07-2015, 2:34 ??",NULL,NULL,NULL,1436506000000
966,968,263,1,1,2,38.2406,140.8834,????,"10-07-2015, 2:55 ??",NULL,NULL,NULL,1436508000000
967,969,263,1,1,1,38.24353,140.8753,???,"10-07-2015, 2:57 ??",NULL,NULL,NULL,1436508000000
968,970,263,1,1,2,38.26432,140.8634,????,"10-07-2015, 3:16 ??",NULL,NULL,NULL,1436509000000
969,971,277,1,3,3,35.69612,139.5956,?????,"10-07-2015, 3:25 ??",NULL,NULL,NULL,1436510000000
970,972,266,1,2,2,35.6854,139.6991,????,"10-07-2015, 3:41 ??",NULL,NULL,NULL,1436511000000
971,973,261,1,1,1,34.63,135.555,???,"10-07-2015, 3:44 ??",NULL,NULL,NULL,1436511000000
972,974,261,1,2,1,34.6301,135.5534,???,"10-07-2015, 3:44 ??",NULL,NULL,NULL,1436511000000
973,975,256,1,2,2,35.68345,139.6986,????,"10-07-2015, 3:44 ??",NULL,NULL,NULL,1436511000000
974,976,261,1,3,1,34.63009,135.5521,???,"10-07-2015, 3:45 ??",NULL,NULL,NULL,1436511000000
975,977,295,1,1,1,35.45209,139.5265,???,"10-07-2015, 3:50 ??",NULL,NULL,NULL,1436511000000
976,978,261,1,2,2,34.62499,135.5583,????,"10-07-2015, 4:10 ??",NULL,NULL,NULL,1436512000000
977,979,261,1,3,1,34.62418,135.559,???,"10-07-2015, 4:11 ??",NULL,NULL,NULL,1436512000000
978,980,285,1,1,3,43.03198,141.4393,?????,"10-07-2015, 4:25 ??",NULL,NULL,NULL,1436513000000
979,981,285,1,1,1,43.03174,141.4405,???,"10-07-2015, 4:25 ??",NULL,NULL,NULL,1436513000000
980,982,270,1,2,2,34.81593,137.3767,????,"10-07-2015, 4:40 ??",NULL,NULL,NULL,1436514000000
981,983,222,1,1,2,35.15233,136.9435,????,"10-07-2015, 4:55 ??",NULL,NULL,NULL,1436515000000
982,984,222,1,2,2,35.15163,136.9442,????,"10-07-2015, 5:15 ??",NULL,NULL,NULL,1436516000000
983,985,244,1,1,2,35.62954,139.7435,????,"10-07-2015, 5:19 ??",NULL,NULL,NULL,1436516000000
984,986,273,1,1,1,35.67602,139.7643,???,"10-07-2015, 5:20 ??",NULL,NULL,NULL,1436516000000
985,987,261,1,2,2,34.62512,135.5573,????,"10-07-2015, 5:38 ??",NULL,NULL,NULL,1436518000000
986,988,269,1,1,1,34.45688,135.3824,???,"10-07-2015, 5:41 ??",NULL,NULL,NULL,1436518000000
987,989,251,1,2,1,35.66905,139.7058,???,"10-07-2015, 5:42 ??",NULL,NULL,NULL,1436518000000
988,990,244,1,2,2,35.63018,139.742,????,"10-07-2015, 5:45 ??",NULL,NULL,NULL,1436518000000
989,991,269,1,3,1,34.45756,135.3817,???,"10-07-2015, 5:47 ??",NULL,NULL,NULL,1436518000000
990,992,269,1,3,1,34.45716,135.3801,???,"10-07-2015, 5:50 ??",NULL,NULL,NULL,1436518000000
991,993,239,1,2,2,35.64984,139.7914,????,"10-07-2015, 6:06 ??",NULL,NULL,NULL,1436519000000
992,994,228,1,1,1,35.72953,139.7618,???,"10-07-2015, 6:08 ??",NULL,NULL,NULL,1436519000000
993,995,228,1,2,2,35.72731,139.7717,????,"10-07-2015, 6:11 ??",NULL,NULL,NULL,1436519000000
994,996,249,1,3,1,35.71354,139.7763,???,"10-07-2015, 6:16 ??",NULL,NULL,NULL,1436520000000
995,997,297,1,1,1,35.36475,135.2459,???,"10-07-2015, 6:33 ??",NULL,NULL,NULL,1436521000000
996,998,228,1,2,2,35.72151,139.7539,????,"10-07-2015, 6:43 ??",NULL,NULL,NULL,1436521000000
997,999,274,1,2,2,35.6869,139.7003,????,"10-07-2015, 6:53 ??",NULL,NULL,NULL,1436522000000
998,1000,274,1,2,2,35.6885,139.699,????,"10-07-2015, 6:53 ??",NULL,NULL,NULL,1436522000000
999,1001,230,1,2,2,35.69699,139.8145,????,"10-07-2015, 7:20 PM",NULL,NULL,NULL,1436524000000
1000,1002,279,1,2,2,35.85865,139.8684,????,"10-07-2015, 7:22 ??",NULL,NULL,NULL,1436524000000
1001,1003,279,1,1,1,35.85681,139.8674,???,"10-07-2015, 7:23 ??",NULL,NULL,NULL,1436524000000
1002,1004,279,1,2,2,35.85608,139.8689,????,"10-07-2015, 7:24 ??",NULL,NULL,NULL,1436524000000
1003,1005,298,1,2,2,35.85381,139.8701,????,"10-07-2015, 7:25 ??",NULL,NULL,NULL,1436524000000
1004,1006,261,1,1,1,34.63972,135.5256,???,"10-07-2015, 7:49 ??",NULL,NULL,NULL,1436525000000
1005,1007,226,1,2,2,35.68416,139.8454,????,"10-07-2015, 8:11 ??",NULL,NULL,NULL,1436527000000
1006,1008,191,1,2,2,35.69678,139.8258,????,"10-07-2015, 8:38 ??",NULL,NULL,NULL,1436528000000
1007,1009,277,1,3,3,35.70251,139.6013,?????,"10-07-2015, 9:01 ??",NULL,NULL,NULL,1436530000000
1008,1010,273,1,2,2,35.5837,140.1302,????,"10-07-2015, 9:21 ??",NULL,NULL,NULL,1436531000000
1009,1011,300,1,2,3,34.74622,135.1738,?????,"10-07-2015, 9:23 ??",NULL,NULL,NULL,1436531000000
1010,1012,219,1,2,2,35.75167,139.805,Feeling OKAY,"10-07-2015, 9:34 PM",NULL,NULL,NULL,1436532000000
1011,1013,234,1,3,3,33.97408,133.5481,?????,"10-07-2015, 9:59 ??",NULL,NULL,NULL,1436533000000
1012,1014,244,1,1,2,35.57646,139.5938,????,"10-07-2015, 10:03 ??",NULL,NULL,NULL,1436533000000
1013,1015,222,1,2,2,35.15233,136.9435,????,"10-07-2015, 10:07 ??",NULL,NULL,NULL,1436534000000
1014,1016,269,1,1,1,34.45522,135.3825,???,"10-07-2015, 10:17 ??",NULL,NULL,NULL,1436534000000
1015,1017,269,1,2,2,34.45699,135.3827,????,"10-07-2015, 10:23 ??",NULL,NULL,NULL,1436535000000
1016,1018,269,1,2,2,34.45699,135.3827,????,"10-07-2015, 10:23 ??",NULL,NULL,NULL,1436535000000
1017,1019,239,1,3,3,35.66196,139.7923,?????,"10-07-2015, 10:46 ??",NULL,NULL,NULL,1436536000000
1018,1020,244,1,2,2,35.5759,139.5926,????,"10-07-2015, 10:49 ??",NULL,NULL,NULL,1436536000000
1019,1021,255,1,3,2,35.72966,139.7109,????,"10-07-2015, 10:59 ??",NULL,NULL,NULL,1436537000000
1020,1022,228,1,2,2,35.73211,139.7737,????,"10-07-2015, 10:54 ??",NULL,NULL,NULL,1436536000000
1021,1023,228,1,2,2,35.73211,139.7737,????,"10-07-2015, 10:54 ??",NULL,NULL,NULL,1436536000000
1022,1024,228,1,2,2,35.73211,139.7737,????,"10-07-2015, 10:54 ??",NULL,NULL,NULL,1436536000000
1023,1025,261,1,1,1,34.62392,135.5586,???,"10-07-2015, 11:12 ??",NULL,NULL,NULL,1436538000000
1024,1026,251,1,3,1,35.90506,139.464,???,"10-07-2015, 11:16 ??",NULL,NULL,NULL,1436538000000
1025,1027,304,1,1,1,35.72912,139.9076,???,"10-07-2015, 11:33 ??",NULL,NULL,NULL,1436539000000
1026,1028,219,1,2,2,35.76793,139.7892,Feeling OKAY,"11-07-2015, 1:38 AM",NULL,NULL,NULL,1436546000000
1027,1029,305,1,2,2,33.89085,130.6931,????,"11-07-2015, 1:45 ??",NULL,NULL,NULL,1436547000000
1028,1030,269,1,2,1,34.45558,135.3802,???,"11-07-2015, 2:28 ??",NULL,NULL,NULL,1436549000000
1029,1031,249,1,1,1,35.71543,139.7842,???,"11-07-2015, 4:43 ??",NULL,NULL,NULL,1436557000000
1030,1032,266,1,1,1,35.68941,139.7025,???,"11-07-2015, 4:57 ??",NULL,NULL,NULL,1436558000000
1031,1033,243,1,2,2,26.25265,127.7565,????,"11-07-2015, 5:00 ??",NULL,NULL,NULL,1436558000000
1032,1034,230,1,1,1,35.96851,139.7677,???,"11-07-2015, 5:51 AM",NULL,NULL,NULL,1436561000000
1033,1035,232,1,1,1,33.24963,130.5012,???,"11-07-2015, 6:07 ??",NULL,NULL,NULL,1436562000000
1034,1036,248,1,1,1,43.0812,141.4201,???,"11-07-2015, 7:32 ??",NULL,NULL,NULL,1436568000000
1035,1037,248,1,1,1,43.08391,141.4183,???,"11-07-2015, 7:33 ??",NULL,NULL,NULL,1436568000000
1036,1038,248,1,1,1,43.09016,141.4104,???,"11-07-2015, 7:36 ??",NULL,NULL,NULL,1436568000000
1037,1039,226,1,1,3,35.68885,139.8358,?????,"11-07-2015, 8:07 ??",NULL,NULL,NULL,1436570000000
1038,1040,228,1,1,1,35.71299,139.7797,???,"11-07-2015, 8:27 ??",NULL,NULL,NULL,1436571000000
1039,1041,277,1,3,3,35.70196,139.6031,?????,"11-07-2015, 8:33 ??",NULL,NULL,NULL,1436571000000
1040,1042,228,1,2,2,35.7216,139.7804,????,"11-07-2015, 8:34 ??",NULL,NULL,NULL,1436571000000
1041,1043,228,1,2,2,35.7216,139.7804,????,"11-07-2015, 8:34 ??",NULL,NULL,NULL,1436571000000
1042,1044,234,1,2,2,33.98072,133.5395,????,"11-07-2015, 8:45 ??",NULL,NULL,NULL,1436572000000
1043,1045,270,1,1,1,34.80329,137.3459,???,"11-07-2015, 8:55 ??",NULL,NULL,NULL,1436573000000
1044,1046,274,1,1,1,35.50373,139.417,???,"11-07-2015, 9:21 ??",NULL,NULL,NULL,1436574000000
1045,1047,239,1,2,2,35.65757,139.7921,????,"11-07-2015, 9:32 ??",NULL,NULL,NULL,1436575000000
1046,1048,261,1,1,1,34.62334,135.5595,???,"11-07-2015, 9:35 ??",NULL,NULL,NULL,1436575000000
1047,1049,273,1,2,2,35.49884,140.0695,????,"11-07-2015, 9:36 ??",NULL,NULL,NULL,1436575000000
1048,1050,278,1,2,2,36.3689,140.5016,????,"11-07-2015, 9:36 ??",NULL,NULL,NULL,1436575000000
1049,1051,261,1,2,2,34.62392,135.5586,????,"11-07-2015, 9:38 ??",NULL,NULL,NULL,1436575000000
1050,1052,297,1,3,3,35.35589,135.391,?????,"11-07-2015, 9:43 ??",NULL,NULL,NULL,1436575000000
1051,1053,251,1,2,1,35.90881,139.4804,???,"11-07-2015, 10:03 ??",NULL,NULL,NULL,1436577000000
1052,1054,261,1,2,2,34.62914,135.5498,????,"11-07-2015, 10:20 ??",NULL,NULL,NULL,1436578000000
1053,1055,261,1,1,1,34.63111,135.5468,???,"11-07-2015, 10:23 ??",NULL,NULL,NULL,1436578000000
1054,1056,252,1,2,2,39.72493,141.1458,????,"11-07-2015, 10:41 ??",NULL,NULL,NULL,1436579000000
1055,1057,261,1,2,2,34.63649,135.5401,????,"11-07-2015, 10:26 ??",NULL,NULL,NULL,1436578000000
1056,1058,261,1,2,2,34.63804,135.5378,????,"11-07-2015, 10:27 ??",NULL,NULL,NULL,1436578000000
1057,1059,261,1,1,1,34.63886,135.5387,???,"11-07-2015, 10:28 ??",NULL,NULL,NULL,1436578000000
1058,1060,261,1,3,1,34.6393,135.5374,???,"11-07-2015, 10:29 ??",NULL,NULL,NULL,1436578000000
1059,1061,261,1,1,1,34.63979,135.5357,???,"11-07-2015, 10:29 ??",NULL,NULL,NULL,1436578000000
1060,1062,232,1,1,1,33.34513,130.5502,???,"11-07-2015, 10:31 ??",NULL,NULL,NULL,1436578000000
1061,1063,252,1,1,1,39.72319,141.1464,???,"11-07-2015, 10:57 ??",NULL,NULL,NULL,1436580000000
1062,1064,274,1,2,2,35.31812,139.4005,????,"11-07-2015, 11:00 ??",NULL,NULL,NULL,1436580000000
1063,1065,191,1,2,1,35.82582,139.8028,???,"11-07-2015, 11:02 ??",NULL,NULL,NULL,1436580000000
1064,1066,306,1,1,1,33.60956,130.4459,???,"11-07-2015, 11:11 ??",NULL,NULL,NULL,1436581000000
1065,1067,281,1,3,1,35.65004,139.7577,???,"11-07-2015, 11:20 AM",NULL,NULL,NULL,1436581000000
1066,1068,266,1,1,1,35.6904,139.7002,???,"11-07-2015, 11:17 ??",NULL,NULL,NULL,1436581000000
1067,1069,256,1,2,2,35.6903,139.7002,????,"11-07-2015, 11:18 ??",NULL,NULL,NULL,1436581000000
1068,1070,261,1,1,1,34.6368,135.5288,???,"11-07-2015, 11:35 ??",NULL,NULL,NULL,1436582000000
1069,1071,261,1,1,1,34.6388,135.5299,???,"11-07-2015, 11:37 ??",NULL,NULL,NULL,1436582000000
1070,1072,261,1,1,1,34.63987,135.5292,???,"11-07-2015, 11:37 ??",NULL,NULL,NULL,1436582000000
1071,1073,261,1,1,1,34.64006,135.5321,???,"11-07-2015, 11:38 ??",NULL,NULL,NULL,1436582000000
1072,1074,261,1,1,1,34.6395,135.5341,???,"11-07-2015, 11:38 ??",NULL,NULL,NULL,1436582000000
1073,1075,261,1,2,2,34.63881,135.5358,????,"11-07-2015, 11:39 ??",NULL,NULL,NULL,1436582000000
1074,1076,295,1,1,2,35.42969,139.4944,????,"11-07-2015, 11:43 ??",NULL,NULL,NULL,1436583000000
1075,1077,230,1,3,3,35.96799,139.7421,?????,"11-07-2015, 11:43 AM",NULL,NULL,NULL,1436583000000
1076,1078,269,1,2,1,34.45597,135.3816,???,"11-07-2015, 11:46 ??",NULL,NULL,NULL,1436583000000
1077,1079,281,1,2,2,35.49315,139.6697,????,"11-07-2015, 12:07 PM",NULL,NULL,NULL,1436584000000
1078,1080,281,1,2,2,35.49044,139.6617,????,"11-07-2015, 12:09 PM",NULL,NULL,NULL,1436584000000
1079,1081,304,1,1,1,35.72972,139.9086,???,"11-07-2015, 12:08 ??",NULL,NULL,NULL,1436584000000
1080,1082,281,1,2,2,35.49283,139.6626,????,"11-07-2015, 12:12 PM",NULL,NULL,NULL,1436584000000
1081,1083,281,1,1,1,35.49592,139.6656,???,"11-07-2015, 12:13 PM",NULL,NULL,NULL,1436584000000
1082,1084,281,1,2,2,35.49766,139.6656,????,"11-07-2015, 12:14 PM",NULL,NULL,NULL,1436584000000
1083,1085,281,1,1,1,35.49971,139.6654,???,"11-07-2015, 12:15 PM",NULL,NULL,NULL,1436585000000
1084,1086,263,1,1,1,38.24313,140.8889,???,"11-07-2015, 12:16 ??",NULL,NULL,NULL,1436585000000
1085,1087,263,1,2,2,38.23719,140.8899,????,"11-07-2015, 12:18 ??",NULL,NULL,NULL,1436585000000
1086,1088,273,1,1,1,35.50241,140.0892,???,"11-07-2015, 12:17 ??",NULL,NULL,NULL,1436585000000
1087,1089,273,1,1,1,35.50126,140.0904,???,"11-07-2015, 12:17 ??",NULL,NULL,NULL,1436585000000
1088,1090,273,1,1,1,35.50044,140.0922,???,"11-07-2015, 12:17 ??",NULL,NULL,NULL,1436585000000
1089,1091,281,1,1,1,35.50332,139.6626,???,"11-07-2015, 12:21 PM",NULL,NULL,NULL,1436585000000
1090,1092,255,1,1,1,35.78642,139.4724,???,"11-07-2015, 12:25 ??",NULL,NULL,NULL,1436585000000
1091,1093,263,1,1,1,38.23387,140.8946,???,"11-07-2015, 12:20 ??",NULL,NULL,NULL,1436585000000
1092,1094,263,1,1,1,38.23145,140.8998,???,"11-07-2015, 12:24 ??",NULL,NULL,NULL,1436585000000
1093,1095,223,1,3,3,36.02493,139.597,?????,"11-07-2015, 12:29 ??",NULL,NULL,NULL,1436585000000
1094,1096,261,1,2,2,34.64181,135.527,????,"11-07-2015, 12:30 ??",NULL,NULL,NULL,1436585000000
1095,1097,248,1,1,1,43.08395,141.2975,???,"11-07-2015, 12:46 ??",NULL,NULL,NULL,1436586000000
1096,1098,261,1,1,1,34.63896,135.5261,???,"11-07-2015, 12:47 ??",NULL,NULL,NULL,1436586000000
1097,1099,308,1,1,1,34.63896,135.5261,???,"11-07-2015, 12:49 ??",NULL,NULL,NULL,1436587000000
1098,1100,309,1,2,2,34.63896,135.5262,????,"11-07-2015, 12:51 ??",NULL,NULL,NULL,1436587000000
1099,1101,219,1,2,2,35.76884,139.7896,Feeling OKAY,"11-07-2015, 12:58 PM",NULL,NULL,NULL,1436587000000
1100,1102,310,1,1,1,33.57262,130.3209,???,"11-07-2015, 1:04 ??",NULL,NULL,NULL,1436587000000
1101,1103,219,1,2,2,35.76959,139.7904,Feeling OKAY,"11-07-2015, 1:15 PM",NULL,NULL,NULL,1436588000000
1102,1104,234,1,3,1,34.23776,133.892,???,"11-07-2015, 1:23 ??",NULL,NULL,NULL,1436589000000
1103,1105,230,1,2,2,35.96652,139.7695,????,"11-07-2015, 1:55 PM",NULL,NULL,NULL,1436591000000
1104,1106,278,1,1,1,36.60237,140.6543,???,"11-07-2015, 2:28 ??",NULL,NULL,NULL,1436593000000
1105,1107,251,1,1,1,35.90505,139.464,???,"11-07-2015, 2:40 ??",NULL,NULL,NULL,1436593000000
1106,1108,274,1,1,1,35.50342,139.417,???,"11-07-2015, 3:07 ??",NULL,NULL,NULL,1436595000000
1107,1109,226,1,3,3,35.6978,139.8256,?????,"11-07-2015, 3:17 ??",NULL,NULL,NULL,1436595000000
1108,1110,248,1,2,2,43.08416,141.2962,????,"11-07-2015, 3:20 ??",NULL,NULL,NULL,1436596000000
1109,1111,222,1,1,1,35.16762,136.9013,???,"11-07-2015, 3:28 ??",NULL,NULL,NULL,1436596000000
1110,1112,239,1,3,3,35.6658,139.7712,?????,"11-07-2015, 3:34 ??",NULL,NULL,NULL,1436596000000
1111,1113,295,1,2,2,35.53034,139.6981,????,"11-07-2015, 3:44 ??",NULL,NULL,NULL,1436597000000
1112,1114,249,1,1,2,35.80326,139.7172,????,"11-07-2015, 3:55 ??",NULL,NULL,NULL,1436598000000
1113,1115,264,1,1,2,35.50004,139.6335,????,"11-07-2015, 4:48 ??",NULL,NULL,NULL,1436601000000
1114,1116,252,1,1,1,39.71008,141.0714,???,"11-07-2015, 5:06 ??",NULL,NULL,NULL,1436602000000
1115,1117,314,1,2,2,34.81739,135.5715,????,"11-07-2015, 5:07 ??",NULL,NULL,NULL,1436602000000
1116,1118,273,1,2,2,35.89123,140.4989,????,"11-07-2015, 5:07 ??",NULL,NULL,NULL,1436602000000
1117,1119,273,1,1,1,35.8903,140.4984,???,"11-07-2015, 5:10 ??",NULL,NULL,NULL,1436602000000
1118,1120,266,1,1,1,35.74889,139.7991,???,"11-07-2015, 5:13 ??",NULL,NULL,NULL,1436602000000
1119,1121,269,1,2,1,34.45804,135.3781,???,"11-07-2015, 5:20 ??",NULL,NULL,NULL,1436603000000
1120,1122,281,1,2,2,35.52551,139.683,????,"11-07-2015, 5:40 PM",NULL,NULL,NULL,1436604000000
1121,1123,256,1,1,1,35.74139,139.7974,???,"11-07-2015, 5:47 ??",NULL,NULL,NULL,1436604000000
1122,1124,263,1,1,1,38.31604,140.8948,???,"11-07-2015, 5:52 ??",NULL,NULL,NULL,1436605000000
1123,1125,223,1,1,1,36.0545,139.5379,???,"11-07-2015, 5:53 ??",NULL,NULL,NULL,1436605000000
1124,1126,273,1,1,1,35.88911,140.501,???,"11-07-2015, 6:01 ??",NULL,NULL,NULL,1436605000000
1125,1127,273,1,2,2,35.8882,140.501,????,"11-07-2015, 6:05 ??",NULL,NULL,NULL,1436606000000
1126,1128,298,1,2,2,35.85926,139.8658,????,"11-07-2015, 6:06 ??",NULL,NULL,NULL,1436606000000
1127,1129,166,1,1,1,36.65683,139.0888,???,"11-07-2015, 6:21 PM",NULL,NULL,NULL,1436606000000
1128,1130,273,1,1,1,35.88808,140.5104,???,"11-07-2015, 6:23 ??",NULL,NULL,NULL,1436607000000
1129,1131,277,1,1,3,35.70164,139.6008,?????,"11-07-2015, 6:42 ??",NULL,NULL,NULL,1436608000000
1130,1132,309,1,1,1,34.63655,135.5374,???,"11-07-2015, 7:06 ??",NULL,NULL,NULL,1436609000000
1131,1133,309,1,2,2,34.63711,135.5385,????,"11-07-2015, 7:06 ??",NULL,NULL,NULL,1436609000000
1132,1134,315,1,3,1,34.63884,135.5357,???,"11-07-2015, 7:08 ??",NULL,NULL,NULL,1436609000000
1133,1135,251,1,2,2,35.90837,139.4559,????,"11-07-2015, 7:21 ??",NULL,NULL,NULL,1436610000000
1134,1136,239,1,2,2,35.66196,139.7923,????,"11-07-2015, 7:36 ??",NULL,NULL,NULL,1436611000000
1135,1137,274,1,1,1,35.50328,139.4181,???,"11-07-2015, 7:37 ??",NULL,NULL,NULL,1436611000000
1136,1138,248,1,2,2,43.06011,141.5069,????,"11-07-2015, 8:03 ??",NULL,NULL,NULL,1436613000000
1137,1139,265,1,3,1,35.98489,139.8348,???,"11-07-2015, 8:30 ??",NULL,NULL,NULL,1436614000000
1138,1140,266,1,3,1,35.68936,139.704,???,"11-07-2015, 9:46 ??",NULL,NULL,NULL,1436619000000
1139,1141,256,1,2,2,35.69457,139.8239,????,"11-07-2015, 9:48 ??",NULL,NULL,NULL,1436619000000
1140,1142,317,1,1,1,35.366,136.7267,???,"11-07-2015, 10:05 ??",NULL,NULL,NULL,1436620000000
1141,1143,295,1,2,2,35.4839,139.641,????,"11-07-2015, 10:06 ??",NULL,NULL,NULL,1436620000000
1142,1144,320,1,1,1,34.38548,132.4419,???,"11-07-2015, 11:32 ??",NULL,NULL,NULL,1436625000000
1143,1145,278,1,3,3,36.34949,140.4864,?????,"12-07-2015, 12:36 ??",NULL,NULL,NULL,1436629000000
1144,1146,281,1,2,2,35.50082,139.673,????,"12-07-2015, 6:04 AM",NULL,NULL,NULL,1436649000000
1145,1147,281,1,2,2,35.50738,139.678,????,"12-07-2015, 6:08 AM",NULL,NULL,NULL,1436649000000
1146,1148,232,1,3,2,33.41384,130.5152,????,"12-07-2015, 6:08 ??",NULL,NULL,NULL,1436649000000
1147,1149,323,1,1,1,35.73749,139.6556,???,"12-07-2015, 8:15 ??",NULL,NULL,NULL,1436657000000
1148,1150,274,1,2,2,35.50358,139.417,????,"12-07-2015, 8:19 ??",NULL,NULL,NULL,1436657000000
1149,1151,274,1,1,1,35.50283,139.4162,???,"12-07-2015, 8:21 ??",NULL,NULL,NULL,1436657000000
1150,1152,274,1,1,1,35.5023,139.4152,???,"12-07-2015, 8:22 ??",NULL,NULL,NULL,1436657000000
1151,1153,274,1,1,1,35.50185,139.4141,???,"12-07-2015, 8:24 ??",NULL,NULL,NULL,1436657000000
1152,1154,274,1,2,2,35.50218,139.4127,????,"12-07-2015, 8:26 ??",NULL,NULL,NULL,1436657000000
1153,1155,266,1,2,2,35.45613,139.3962,????,"12-07-2015, 8:59 ??",NULL,NULL,NULL,1436659000000
1154,1156,256,1,2,2,35.45903,139.3966,????,"12-07-2015, 8:59 ??",NULL,NULL,NULL,1436659000000
1155,1157,248,1,1,1,43.09159,141.5221,???,"12-07-2015, 9:22 ??",NULL,NULL,NULL,1436661000000
1156,1158,197,1,3,1,35.40496,139.5695,Feeling HAPPY,"12-07-2015, 9:22 AM",NULL,NULL,NULL,1436661000000
1157,1159,310,1,3,3,33.59055,130.3317,?????,"12-07-2015, 9:47 ??",NULL,NULL,NULL,1436662000000
1158,1160,281,1,2,2,33.93349,131.2746,????,"12-07-2015, 10:20 AM",NULL,NULL,NULL,1436664000000
1159,1161,277,1,1,3,35.70043,139.5992,?????,"12-07-2015, 10:41 ??",NULL,NULL,NULL,1436665000000
1160,1162,285,1,2,1,43.04604,141.3966,???,"12-07-2015, 11:37 ??",NULL,NULL,NULL,1436669000000
1161,1163,295,1,3,3,35.44242,139.5217,?????,"12-07-2015, 11:48 ??",NULL,NULL,NULL,1436669000000
1162,1164,239,1,2,2,35.66514,139.7123,????,"12-07-2015, 11:49 ??",NULL,NULL,NULL,1436669000000
1163,1165,303,1,2,2,35.68322,139.6559,????,"12-07-2015, 12:10 ??",NULL,NULL,NULL,1436671000000
1164,1166,254,1,2,1,33.56661,133.65,???,"12-07-2015, 12:24 ??",NULL,NULL,NULL,1436671000000
1165,1167,254,1,2,1,33.56619,133.651,???,"12-07-2015, 12:25 ??",NULL,NULL,NULL,1436672000000
1166,1168,325,1,3,3,34.9794,137.0852,?????,"12-07-2015, 12:52 ??",NULL,NULL,NULL,1436673000000
1167,1169,270,1,3,3,34.80008,137.3577,?????,"12-07-2015, 1:11 ??",NULL,NULL,NULL,1436674000000
1168,1170,326,1,3,1,35.36391,135.2454,???,"12-07-2015, 1:18 ??",NULL,NULL,NULL,1436675000000
1169,1171,232,1,1,2,33.40343,130.5157,????,"12-07-2015, 1:29 ??",NULL,NULL,NULL,1436675000000
1170,1172,166,1,1,1,36.66759,139.1196,???,"12-07-2015, 1:33 PM",NULL,NULL,NULL,1436676000000
1171,1173,252,1,2,2,39.7843,141.1283,????,"12-07-2015, 2:45 ??",NULL,NULL,NULL,1436680000000
1172,1174,256,1,2,2,35.69462,139.8237,????,"12-07-2015, 2:31 ??",NULL,NULL,NULL,1436679000000
1173,1175,248,1,1,1,43.06013,141.5069,???,"12-07-2015, 2:51 ??",NULL,NULL,NULL,1436680000000
1174,1176,326,1,3,3,35.36482,135.2458,?????,"12-07-2015, 3:11 ??",NULL,NULL,NULL,1436681000000
1175,1177,280,1,1,1,37.82599,139.1564,???,"12-07-2015, 3:21 ??",NULL,NULL,NULL,1436682000000
1176,1178,327,1,2,2,37.82596,139.1564,????,"12-07-2015, 3:23 ??",NULL,NULL,NULL,1436682000000
1177,1179,304,1,1,1,35.72872,139.9062,???,"12-07-2015, 3:27 ??",NULL,NULL,NULL,1436682000000
1178,1180,295,1,3,3,35.46801,139.624,?????,"12-07-2015, 3:52 ??",NULL,NULL,NULL,1436684000000
1179,1181,274,1,2,2,35.505,139.4168,????,"12-07-2015, 4:20 ??",NULL,NULL,NULL,1436686000000
1180,1182,274,1,2,2,35.50472,139.4154,????,"12-07-2015, 4:23 ??",NULL,NULL,NULL,1436686000000
1181,1183,234,1,2,2,33.99867,133.5618,????,"12-07-2015, 4:36 ??",NULL,NULL,NULL,1436687000000
1182,1184,255,1,1,1,35.67634,139.4729,???,"12-07-2015, 6:26 ??",NULL,NULL,NULL,1436693000000
1183,1185,325,1,2,2,34.97691,137.0339,????,"12-07-2015, 7:02 ??",NULL,NULL,NULL,1436695000000
1184,1186,285,1,2,1,43.02999,141.4373,???,"12-07-2015, 7:27 ??",NULL,NULL,NULL,1436697000000
1185,1187,281,1,2,2,35.55721,139.7349,????,"12-07-2015, 8:10 PM",NULL,NULL,NULL,1436699000000
1186,1188,298,1,2,2,35.85085,139.8684,????,"12-07-2015, 9:17 ??",NULL,NULL,NULL,1436703000000
1187,1189,295,1,1,1,35.47486,139.5479,???,"12-07-2015, 10:29 ??",NULL,NULL,NULL,1436708000000
1188,1190,328,1,1,1,34.9027,137.213,???,"12-07-2015, 10:32 ??",NULL,NULL,NULL,1436708000000
1189,1191,328,1,1,1,34.9027,137.213,???,"12-07-2015, 10:32 ??",NULL,NULL,NULL,1436708000000
1190,1192,270,1,1,1,34.80329,137.3459,???,"12-07-2015, 11:09 ??",NULL,NULL,NULL,1436710000000
1191,1193,277,1,3,3,35.70258,139.6009,?????,"12-07-2015, 11:20 ??",NULL,NULL,NULL,1436711000000
1192,1194,323,1,2,2,35.69563,139.707,????,"13-07-2015, 12:39 ??",NULL,NULL,NULL,1436716000000
1193,1195,329,1,2,2,26.25121,127.7483,????,"13-07-2015, 3:29 ??",NULL,NULL,NULL,1436726000000
1194,1196,226,1,1,2,35.68555,139.845,????,"13-07-2015, 5:37 ??",NULL,NULL,NULL,1436733000000
1195,1197,274,1,1,1,35.50368,139.417,???,"13-07-2015, 5:37 ??",NULL,NULL,NULL,1436733000000
1196,1198,303,1,2,2,35.68382,139.7672,????,"13-07-2015, 5:51 ??",NULL,NULL,NULL,1436734000000
1197,1199,274,1,2,2,35.50096,139.4122,????,"13-07-2015, 6:08 ??",NULL,NULL,NULL,1436735000000
1198,1200,232,1,1,2,33.42833,130.5328,????,"13-07-2015, 6:13 ??",NULL,NULL,NULL,1436736000000
1199,1201,230,1,1,1,35.96847,139.7677,???,"13-07-2015, 6:20 AM",NULL,NULL,NULL,1436736000000
1200,1202,248,1,1,1,43.09404,141.4464,???,"13-07-2015, 6:39 ??",NULL,NULL,NULL,1436737000000
1201,1203,248,1,1,1,43.09424,141.4429,???,"13-07-2015, 6:40 ??",NULL,NULL,NULL,1436737000000
1202,1204,248,1,1,1,43.09448,141.4333,???,"13-07-2015, 6:41 ??",NULL,NULL,NULL,1436737000000
1203,1205,248,1,1,1,43.08866,141.4144,???,"13-07-2015, 6:47 ??",NULL,NULL,NULL,1436738000000
1204,1206,304,1,2,2,35.72321,139.8689,????,"13-07-2015, 7:11 ??",NULL,NULL,NULL,1436739000000
1205,1207,298,1,2,2,35.85266,139.8686,????,"13-07-2015, 7:34 ??",NULL,NULL,NULL,1436740000000
1206,1208,255,1,1,1,35.77276,139.5172,???,"13-07-2015, 7:46 ??",NULL,NULL,NULL,1436741000000
1207,1209,277,1,3,3,35.69818,139.5995,?????,"13-07-2015, 8:13 ??",NULL,NULL,NULL,1436743000000
1208,1210,281,1,2,2,35.5084,139.6755,????,"13-07-2015, 8:21 AM",NULL,NULL,NULL,1436743000000
1209,1211,299,1,2,2,34.85909,135.7083,????,"13-07-2015, 9:10 ??",NULL,NULL,NULL,1436746000000
1210,1212,310,1,2,2,33.5758,130.3413,????,"13-07-2015, 10:05 ??",NULL,NULL,NULL,1436750000000
1211,1213,252,1,3,3,39.77348,141.141,?????,"13-07-2015, 10:43 ??",NULL,NULL,NULL,1436752000000
1212,1214,288,1,1,1,35.78355,139.4747,???,"13-07-2015, 10:51 ??",NULL,NULL,NULL,1436752000000
1213,1215,288,1,1,1,35.78988,139.4687,???,"13-07-2015, 11:25 ??",NULL,NULL,NULL,1436754000000
1214,1216,278,1,3,3,36.32695,140.4644,?????,"13-07-2015, 12:21 ??",NULL,NULL,NULL,1436758000000
1216,1218,241,1,1,1,35.77116,139.8431,???,"13-07-2015, 12:32 ??",NULL,NULL,NULL,1436758000000
1217,1219,298,1,3,3,35.68478,139.7829,?????,"13-07-2015, 12:34 ??",NULL,NULL,NULL,1436758000000
1218,1220,270,1,3,2,34.81777,137.3525,????,"13-07-2015, 12:43 ??",NULL,NULL,NULL,1436759000000
1219,1221,310,1,2,2,33.57553,130.3382,????,"13-07-2015, 12:44 ??",NULL,NULL,NULL,1436759000000
1220,1222,320,1,2,2,34.41108,132.4511,????,"13-07-2015, 1:18 ??",NULL,NULL,NULL,1436761000000
1221,1223,248,1,2,2,43.08391,141.2971,????,"13-07-2015, 1:45 ??",NULL,NULL,NULL,1436763000000
1222,1224,304,1,1,1,35.6748,139.7628,???,"13-07-2015, 2:09 ??",NULL,NULL,NULL,1436764000000
1223,1225,226,1,1,2,35.6482,139.7522,????,"13-07-2015, 2:09 ??",NULL,NULL,NULL,1436764000000
1224,1226,226,1,2,2,35.64955,139.7532,????,"13-07-2015, 2:10 ??",NULL,NULL,NULL,1436764000000
1225,1227,303,1,2,2,36.19818,139.1389,????,"13-07-2015, 2:30 ??",NULL,NULL,NULL,1436765000000
1226,1228,285,1,3,1,43.07541,141.3444,???,"13-07-2015, 3:20 ??",NULL,NULL,NULL,1436768000000
1227,1229,285,1,1,3,43.07621,141.3453,?????,"13-07-2015, 3:20 ??",NULL,NULL,NULL,1436768000000
1228,1230,320,1,1,1,34.38546,132.4417,???,"13-07-2015, 4:51 ??",NULL,NULL,NULL,1436774000000
1229,1231,270,1,1,1,34.80331,137.3459,???,"13-07-2015, 4:53 ??",NULL,NULL,NULL,1436774000000
1230,1232,241,1,2,1,35.77144,139.8467,???,"13-07-2015, 4:53 ??",NULL,NULL,NULL,1436774000000
1231,1233,327,1,2,2,37.88247,139.0811,????,"13-07-2015, 4:57 ??",NULL,NULL,NULL,1436774000000
1232,1234,248,1,2,2,43.10063,141.3391,????,"13-07-2015, 5:01 ??",NULL,NULL,NULL,1436774000000
1233,1235,241,1,1,1,35.76719,139.8356,???,"13-07-2015, 5:01 ??",NULL,NULL,NULL,1436774000000
1234,1236,248,1,1,1,43.10137,141.3445,???,"13-07-2015, 5:03 ??",NULL,NULL,NULL,1436775000000
1235,1237,248,1,1,1,43.10261,141.3548,???,"13-07-2015, 5:06 ??",NULL,NULL,NULL,1436775000000
1236,1238,241,1,3,1,35.7571,139.8291,???,"13-07-2015, 5:06 ??",NULL,NULL,NULL,1436775000000
1237,1239,310,1,1,1,33.57496,130.3306,???,"13-07-2015, 5:15 ??",NULL,NULL,NULL,1436775000000
1238,1240,277,1,1,3,35.70369,139.6011,?????,"13-07-2015, 5:47 ??",NULL,NULL,NULL,1436777000000
1239,1241,310,1,3,1,33.57877,130.3278,???,"13-07-2015, 6:58 ??",NULL,NULL,NULL,1436782000000
1240,1242,329,1,2,2,26.25227,127.7576,????,"13-07-2015, 7:03 ??",NULL,NULL,NULL,1436782000000
1241,1243,327,1,1,1,37.87681,139.0804,???,"13-07-2015, 7:36 ??",NULL,NULL,NULL,1436784000000
1242,1244,303,1,1,1,35.91038,139.6237,???,"13-07-2015, 7:37 ??",NULL,NULL,NULL,1436784000000
1243,1245,281,1,2,2,35.64898,139.7568,????,"13-07-2015, 7:52 PM",NULL,NULL,NULL,1436785000000
1244,1246,281,1,3,2,35.65014,139.7563,????,"13-07-2015, 7:53 PM",NULL,NULL,NULL,1436785000000
1245,1247,255,1,1,1,35.6844,139.7298,???,"13-07-2015, 9:18 ??",NULL,NULL,NULL,1436790000000
1246,1248,328,1,1,1,34.99386,137.1645,???,"13-07-2015, 9:17 ??",NULL,NULL,NULL,1436790000000
1247,1249,241,1,1,1,35.80171,139.9813,???,"13-07-2015, 9:27 ??",NULL,NULL,NULL,1436790000000
1249,1251,252,1,3,3,39.77192,141.1368,?????,"13-07-2015, 11:15 ??",NULL,NULL,NULL,1436797000000
1251,1253,263,1,1,1,37.92319,140.6092,???,"14-07-2015, 3:38 ??",NULL,NULL,NULL,1436813000000
1253,1255,304,1,2,2,35.72258,139.8667,????,"14-07-2015, 6:59 ??",NULL,NULL,NULL,1436825000000
1254,1256,285,1,1,3,43.07731,141.3435,?????,"14-07-2015, 7:09 ??",NULL,NULL,NULL,1436825000000
1255,1257,255,1,1,1,35.78719,139.4735,???,"14-07-2015, 7:44 ??",NULL,NULL,NULL,1436827000000
1256,1258,255,1,1,1,35.78965,139.4746,???,"14-07-2015, 7:46 ??",NULL,NULL,NULL,1436828000000
1257,1259,303,1,2,2,35.69013,139.7089,????,"14-07-2015, 7:51 ??",NULL,NULL,NULL,1436828000000
1260,1262,281,1,2,2,35.50836,139.6755,????,"14-07-2015, 8:22 AM",NULL,NULL,NULL,1436830000000
1261,1263,270,1,1,1,34.81746,137.352,???,"14-07-2015, 8:20 ??",NULL,NULL,NULL,1436830000000
1262,1264,230,1,2,2,35.68624,139.8001,????,"14-07-2015, 8:30 AM",NULL,NULL,NULL,1436830000000
1263,1265,263,1,1,1,35.84085,137.9342,???,"14-07-2015, 9:51 ??",NULL,NULL,NULL,1436835000000
1264,1266,263,1,1,1,35.83213,137.928,???,"14-07-2015, 9:55 ??",NULL,NULL,NULL,1436835000000
1265,1267,252,1,2,2,39.72472,141.1468,????,"14-07-2015, 10:46 ??",NULL,NULL,NULL,1436838000000
1267,1269,325,1,3,3,35.00596,137.0604,?????,"14-07-2015, 11:10 ??",NULL,NULL,NULL,1436840000000
1268,1270,197,1,3,1,35.40378,139.5725,Feeling HAPPY,"14-07-2015, 11:42 AM",NULL,NULL,NULL,1436842000000
1269,1271,295,1,2,2,35.42979,139.4929,????,"14-07-2015, 11:43 ??",NULL,NULL,NULL,1436842000000
1271,1273,270,1,3,2,34.79985,137.354,????,"14-07-2015, 1:04 ??",NULL,NULL,NULL,1436847000000
1274,1276,265,1,1,1,35.84339,139.9137,???,"14-07-2015, 3:14 ??",NULL,NULL,NULL,1436854000000
1275,1277,252,1,2,2,39.70433,141.1238,????,"14-07-2015, 3:32 ??",NULL,NULL,NULL,1436856000000
1276,1278,252,1,1,1,39.7059,141.1318,???,"14-07-2015, 3:34 ??",NULL,NULL,NULL,1436856000000
1277,1279,303,1,2,1,35.69165,139.6952,???,"14-07-2015, 3:32 ??",NULL,NULL,NULL,1436856000000
1278,1280,278,1,2,2,36.34937,140.4868,????,"14-07-2015, 3:35 ??",NULL,NULL,NULL,1436856000000
1279,1281,263,1,3,3,35.6005,136.9473,?????,"14-07-2015, 3:39 ??",NULL,NULL,NULL,1436856000000
1280,1282,263,1,1,1,35.78381,136.924,???,"14-07-2015, 3:53 ??",NULL,NULL,NULL,1436857000000
1281,1283,263,1,2,2,35.8722,136.8753,????,"14-07-2015, 3:59 ??",NULL,NULL,NULL,1436857000000
1282,1284,263,1,1,1,35.87337,136.8766,???,"14-07-2015, 4:00 ??",NULL,NULL,NULL,1436857000000
1283,1285,263,1,3,3,35.87555,136.8785,?????,"14-07-2015, 4:00 ??",NULL,NULL,NULL,1436857000000
1284,1286,263,1,3,3,35.92621,136.8748,?????,"14-07-2015, 4:04 ??",NULL,NULL,NULL,1436857000000
1285,1287,252,1,1,1,39.68316,141.1354,???,"14-07-2015, 4:22 ??",NULL,NULL,NULL,1436859000000
1286,1288,263,1,1,1,35.9879,136.9095,???,"14-07-2015, 4:11 ??",NULL,NULL,NULL,1436858000000
1287,1289,263,1,3,3,35.98907,136.9125,?????,"14-07-2015, 4:22 ??",NULL,NULL,NULL,1436859000000
1289,1291,325,1,1,1,34.97255,137.0427,???,"14-07-2015, 5:48 ??",NULL,NULL,NULL,1436864000000
1290,1292,241,1,2,1,35.78524,139.9011,???,"14-07-2015, 5:56 ??",NULL,NULL,NULL,1436864000000
1291,1293,263,1,3,3,36.89235,137.4934,?????,"14-07-2015, 6:22 ??",NULL,NULL,NULL,1436866000000
1292,1294,263,1,1,1,36.91566,137.5126,???,"14-07-2015, 6:23 ??",NULL,NULL,NULL,1436866000000
1293,1295,320,1,1,1,34.37995,132.4669,???,"14-07-2015, 6:33 ??",NULL,NULL,NULL,1436866000000
1294,1296,270,1,1,3,34.84923,137.3185,?????,"14-07-2015, 6:54 ??",NULL,NULL,NULL,1436868000000
1296,1298,281,1,1,1,35.64854,139.7551,???,"14-07-2015, 7:17 PM",NULL,NULL,NULL,1436869000000
1297,1299,281,1,1,1,35.65023,139.754,???,"14-07-2015, 7:19 PM",NULL,NULL,NULL,1436869000000
1298,1300,299,1,1,1,34.86131,135.6754,???,"14-07-2015, 7:38 ??",NULL,NULL,NULL,1436870000000
1299,1301,303,1,1,1,35.68338,139.6537,???,"14-07-2015, 7:38 ??",NULL,NULL,NULL,1436870000000
1303,1305,252,1,1,1,39.77176,141.1365,???,"14-07-2015, 9:00 ??",NULL,NULL,NULL,1436875000000
1304,1306,329,1,2,2,26.25224,127.7564,????,"14-07-2015, 8:55 ??",NULL,NULL,NULL,1436875000000
1305,1307,295,1,2,2,35.49322,139.6638,????,"14-07-2015, 10:10 ??",NULL,NULL,NULL,1436879000000
1306,1308,320,1,2,2,34.38545,132.4417,????,"14-07-2015, 10:44 ??",NULL,NULL,NULL,1436881000000
1309,1311,241,1,1,1,35.79648,139.9155,???,"15-07-2015, 1:04 ??",NULL,NULL,NULL,1436890000000
1310,1312,263,1,2,3,38.23293,140.9,?????,"15-07-2015, 3:14 ??",NULL,NULL,NULL,1436898000000
1311,1313,303,1,1,1,35.69531,139.6561,???,"15-07-2015, 5:06 ??",NULL,NULL,NULL,1436904000000
1312,1314,323,1,3,1,35.73744,139.6556,???,"15-07-2015, 6:37 ??",NULL,NULL,NULL,1436910000000
1314,1316,299,1,1,1,34.69031,135.5099,???,"15-07-2015, 7:22 ??",NULL,NULL,NULL,1436913000000
1315,1317,320,1,1,3,34.38674,132.4644,?????,"15-07-2015, 7:46 ??",NULL,NULL,NULL,1436914000000
1316,1318,281,1,1,1,35.50656,139.6745,???,"15-07-2015, 8:07 AM",NULL,NULL,NULL,1436915000000
1317,1319,270,1,3,1,34.81714,137.3494,???,"15-07-2015, 8:19 ??",NULL,NULL,NULL,1436916000000
