row.names,id,user_id,context_id,gesture_id,gesture_confirmation_id,latitude,longitude,title,snippet,country,city,locality,timestamp,date
238,238,102,1,2,2,35.65128,140.0413,????,"19-06-2015, 11:47 ??",NULL,NULL,NULL,1434725000000,2015-06-19
239,239,105,1,1,1,35.768,139.7892,???,"20-06-2015, 12:22 ??",NULL,NULL,NULL,1434727000000,2015-06-19
242,242,110,1,1,2,43.06012,141.5069,????,"20-06-2015, 4:57 ??",NULL,NULL,NULL,1434744000000,2015-06-19
244,244,113,1,1,2,34.55444,132.8634,????,"20-06-2015, 6:03 ??",NULL,NULL,NULL,1434748000000,2015-06-19
246,246,115,1,1,1,35.50375,139.417,???,"20-06-2015, 8:33 ??",NULL,NULL,NULL,1434757000000,2015-06-19
247,247,102,1,2,2,35.64976,140.0417,????,"20-06-2015, 8:34 ??",NULL,NULL,NULL,1434757000000,2015-06-19
248,248,102,1,1,1,35.65376,140.0446,???,"20-06-2015, 8:38 ??",NULL,NULL,NULL,1434757000000,2015-06-19
251,251,110,1,1,2,43.09037,141.5319,????,"20-06-2015, 9:47 ??",NULL,NULL,NULL,1434761000000,2015-06-20
252,252,115,1,2,2,35.4993,139.4083,????,"20-06-2015, 9:49 ??",NULL,NULL,NULL,1434761000000,2015-06-20
253,253,110,1,2,2,43.09056,141.5294,????,"20-06-2015, 10:03 ??",NULL,NULL,NULL,1434762000000,2015-06-20
254,254,118,1,2,2,35.47917,139.4038,????,"20-06-2015, 10:10 ??",NULL,NULL,NULL,1434763000000,2015-06-20
257,257,123,1,2,2,34.38586,132.4421,????,"20-06-2015, 10:48 ??",NULL,NULL,NULL,1434765000000,2015-06-20
258,258,123,1,1,1,34.38764,132.4381,???,"20-06-2015, 10:51 ??",NULL,NULL,NULL,1434765000000,2015-06-20
259,259,123,1,1,1,34.38764,132.4381,???,"20-06-2015, 10:51 ??",NULL,NULL,NULL,1434765000000,2015-06-20
260,260,123,1,2,2,34.38939,132.4262,????,"20-06-2015, 10:53 ??",NULL,NULL,NULL,1434765000000,2015-06-20
263,263,105,1,2,1,35.76908,139.7895,???,"20-06-2015, 11:52 ??",NULL,NULL,NULL,1434769000000,2015-06-20
264,264,105,1,1,1,35.76797,139.7892,???,"20-06-2015, 12:22 ??",NULL,NULL,NULL,1434771000000,2015-06-20
265,265,125,1,1,1,34.96823,136.9058,???,"20-06-2015, 12:42 ??",NULL,NULL,NULL,1434772000000,2015-06-20
266,266,102,1,2,2,35.64286,140.052,????,"20-06-2015, 12:45 ??",NULL,NULL,NULL,1434772000000,2015-06-20
267,267,126,1,3,3,34.71109,135.5114,?????,"20-06-2015, 12:47 ??",NULL,NULL,NULL,1434772000000,2015-06-20
268,268,102,1,2,2,35.65748,140.053,????,"20-06-2015, 12:54 ??",NULL,NULL,NULL,1434772000000,2015-06-20
269,269,113,1,1,1,34.39372,132.501,???,"20-06-2015, 1:38 ??",NULL,NULL,NULL,1434775000000,2015-06-20
270,270,115,1,1,1,35.48837,139.4004,???,"20-06-2015, 1:55 ??",NULL,NULL,NULL,1434776000000,2015-06-20
271,271,104,1,2,2,36.46266,136.4717,????,"20-06-2015, 2:05 ??",NULL,NULL,NULL,1434777000000,2015-06-20
275,275,131,1,2,2,37.89289,139.0018,????,"20-06-2015, 3:14 ??",NULL,NULL,NULL,1434781000000,2015-06-20
279,279,110,1,1,1,43.07973,141.5128,???,"20-06-2015, 5:13 ??",NULL,NULL,NULL,1434788000000,2015-06-20
280,280,110,1,1,2,43.06299,141.5025,????,"20-06-2015, 5:18 ??",NULL,NULL,NULL,1434788000000,2015-06-20
281,281,118,1,1,1,35.81418,139.6823,???,"20-06-2015, 5:22 ??",NULL,NULL,NULL,1434789000000,2015-06-20
282,282,118,1,1,1,35.81306,139.6825,???,"20-06-2015, 5:22 ??",NULL,NULL,NULL,1434789000000,2015-06-20
283,283,118,1,1,1,35.8081,139.6831,???,"20-06-2015, 5:24 ??",NULL,NULL,NULL,1434789000000,2015-06-20
284,284,118,1,2,2,35.80536,139.6837,????,"20-06-2015, 5:25 ??",NULL,NULL,NULL,1434789000000,2015-06-20
285,285,118,1,1,1,35.80206,139.6841,???,"20-06-2015, 5:26 ??",NULL,NULL,NULL,1434789000000,2015-06-20
286,286,118,1,2,2,35.79084,139.6852,????,"20-06-2015, 5:28 ??",NULL,NULL,NULL,1434789000000,2015-06-20
287,287,118,1,2,1,35.78947,139.6849,???,"20-06-2015, 5:28 ??",NULL,NULL,NULL,1434789000000,2015-06-20
288,288,118,1,2,2,35.78761,139.685,????,"20-06-2015, 5:28 ??",NULL,NULL,NULL,1434789000000,2015-06-20
289,289,118,1,1,1,35.7826,139.6889,???,"20-06-2015, 5:30 ??",NULL,NULL,NULL,1434789000000,2015-06-20
290,290,118,1,3,1,35.78168,139.6896,???,"20-06-2015, 5:31 ??",NULL,NULL,NULL,1434789000000,2015-06-20
291,291,102,1,2,2,35.65128,140.0413,????,"20-06-2015, 6:05 ??",NULL,NULL,NULL,1434791000000,2015-06-20
292,292,102,1,3,3,35.6527,140.0364,?????,"20-06-2015, 6:10 ??",NULL,NULL,NULL,1434791000000,2015-06-20
293,293,102,1,3,3,35.6527,140.0364,?????,"20-06-2015, 6:10 ??",NULL,NULL,NULL,1434791000000,2015-06-20
294,294,102,1,2,2,35.65128,140.0413,????,"20-06-2015, 6:13 ??",NULL,NULL,NULL,1434792000000,2015-06-20
295,295,105,1,2,1,35.77148,139.7813,???,"20-06-2015, 6:15 ??",NULL,NULL,NULL,1434792000000,2015-06-20
296,296,115,1,1,1,35.44342,139.645,???,"20-06-2015, 6:32 ??",NULL,NULL,NULL,1434793000000,2015-06-20
298,298,123,1,3,3,34.39676,132.4284,?????,"20-06-2015, 7:58 ??",NULL,NULL,NULL,1434798000000,2015-06-20
299,299,123,1,2,2,34.39676,132.4298,????,"20-06-2015, 7:59 ??",NULL,NULL,NULL,1434798000000,2015-06-20
300,300,113,1,3,2,34.40722,132.5038,????,"20-06-2015, 8:20 ??",NULL,NULL,NULL,1434799000000,2015-06-20
301,301,105,1,2,1,35.76796,139.7892,Feeling HAPPY,"20-06-2015, 10:18 PM",NULL,NULL,NULL,1434806000000,2015-06-20
302,302,115,1,1,1,35.50368,139.417,???,"20-06-2015, 10:32 ??",NULL,NULL,NULL,1434807000000,2015-06-20
303,303,102,1,3,3,35.65759,140.0379,?????,"20-06-2015, 10:40 ??",NULL,NULL,NULL,1434808000000,2015-06-20
304,304,135,1,1,1,35.75985,139.6216,???,"20-06-2015, 10:48 ??",NULL,NULL,NULL,1434808000000,2015-06-20
305,305,102,1,2,2,35.65576,140.0465,????,"20-06-2015, 10:51 ??",NULL,NULL,NULL,1434808000000,2015-06-20
306,306,137,1,2,2,35.66194,139.7921,????,"20-06-2015, 10:55 ??",NULL,NULL,NULL,1434809000000,2015-06-20
307,307,102,1,2,2,35.65657,140.0515,????,"20-06-2015, 10:58 ??",NULL,NULL,NULL,1434809000000,2015-06-20
308,308,102,1,3,3,35.64918,140.0341,?????,"20-06-2015, 11:02 ??",NULL,NULL,NULL,1434809000000,2015-06-20
309,309,102,1,3,3,35.64918,140.0341,?????,"20-06-2015, 11:02 ??",NULL,NULL,NULL,1434809000000,2015-06-20
310,310,102,1,3,3,35.64918,140.0341,?????,"20-06-2015, 11:02 ??",NULL,NULL,NULL,1434809000000,2015-06-20
311,311,102,1,3,3,35.65422,140.0284,?????,"20-06-2015, 11:16 ??",NULL,NULL,NULL,1434810000000,2015-06-20
312,312,118,1,2,2,35.65122,139.6367,????,"20-06-2015, 11:54 ??",NULL,NULL,NULL,1434812000000,2015-06-20
313,313,107,1,2,2,35.80207,139.9814,????,"20-06-2015, 11:54 ??",NULL,NULL,NULL,1434812000000,2015-06-20
314,314,102,1,2,2,35.66439,140.037,????,"21-06-2015, 12:02 ??",NULL,NULL,NULL,1434813000000,2015-06-20
315,315,102,1,2,2,35.66439,140.037,????,"21-06-2015, 12:02 ??",NULL,NULL,NULL,1434813000000,2015-06-20
316,316,102,1,2,2,35.66439,140.037,????,"21-06-2015, 12:02 ??",NULL,NULL,NULL,1434813000000,2015-06-20
317,317,102,1,2,2,35.64019,140.0378,????,"21-06-2015, 12:05 ??",NULL,NULL,NULL,1434813000000,2015-06-20
318,318,102,1,2,2,35.64503,140.0392,????,"21-06-2015, 12:17 ??",NULL,NULL,NULL,1434813000000,2015-06-20
319,319,102,1,1,1,35.64988,140.0378,???,"21-06-2015, 12:43 ??",NULL,NULL,NULL,1434815000000,2015-06-20
320,320,131,1,1,1,37.86272,139.114,???,"21-06-2015, 12:45 ??",NULL,NULL,NULL,1434815000000,2015-06-20
321,321,131,1,1,1,37.86272,139.114,???,"21-06-2015, 12:45 ??",NULL,NULL,NULL,1434815000000,2015-06-20
326,326,123,1,2,2,34.38538,132.442,????,"21-06-2015, 6:59 ??",NULL,NULL,NULL,1434838000000,2015-06-20
329,329,102,1,2,2,35.6555,140.0577,????,"21-06-2015, 8:20 ??",NULL,NULL,NULL,1434842000000,2015-06-20
330,330,137,1,2,2,35.65436,139.796,????,"21-06-2015, 8:22 ??",NULL,NULL,NULL,1434843000000,2015-06-20
331,331,137,1,2,2,35.66409,139.7842,????,"21-06-2015, 8:30 ??",NULL,NULL,NULL,1434843000000,2015-06-20
332,332,102,1,1,1,35.66348,140.0412,???,"21-06-2015, 8:34 ??",NULL,NULL,NULL,1434843000000,2015-06-20
334,334,102,1,2,2,35.65442,140.0214,????,"21-06-2015, 9:03 ??",NULL,NULL,NULL,1434845000000,2015-06-21
335,335,102,1,2,2,35.65442,140.0214,????,"21-06-2015, 9:03 ??",NULL,NULL,NULL,1434845000000,2015-06-21
336,336,102,1,3,3,35.66868,140.0282,?????,"21-06-2015, 9:04 ??",NULL,NULL,NULL,1434845000000,2015-06-21
337,337,115,1,2,2,35.49839,139.4753,????,"21-06-2015, 9:22 ??",NULL,NULL,NULL,1434846000000,2015-06-21
338,338,105,1,2,1,35.75125,139.8048,Feeling HAPPY,"21-06-2015, 9:35 AM",NULL,NULL,NULL,1434847000000,2015-06-21
340,340,123,1,1,1,34.39501,132.4561,???,"21-06-2015, 10:12 ??",NULL,NULL,NULL,1434849000000,2015-06-21
343,343,126,1,2,2,34.71466,135.5097,????,"21-06-2015, 11:55 ??",NULL,NULL,NULL,1434855000000,2015-06-21
344,344,131,1,1,1,37.78662,139.1125,???,"21-06-2015, 12:03 ??",NULL,NULL,NULL,1434856000000,2015-06-21
345,345,131,1,1,1,37.78662,139.1125,???,"21-06-2015, 12:03 ??",NULL,NULL,NULL,1434856000000,2015-06-21
346,346,125,1,2,2,34.94668,136.915,????,"21-06-2015, 12:24 ??",NULL,NULL,NULL,1434857000000,2015-06-21
347,347,102,1,1,1,35.68512,139.9984,???,"21-06-2015, 1:24 ??",NULL,NULL,NULL,1434861000000,2015-06-21
348,348,115,1,1,1,35.49426,139.5067,???,"21-06-2015, 1:34 ??",NULL,NULL,NULL,1434861000000,2015-06-21
349,349,105,1,3,3,35.72794,139.7121,Feeling SAD,"21-06-2015, 1:38 PM",NULL,NULL,NULL,1434861000000,2015-06-21
350,350,102,1,2,2,35.69777,139.8266,????,"21-06-2015, 1:40 ??",NULL,NULL,NULL,1434862000000,2015-06-21
351,351,102,1,2,2,35.6956,139.7919,????,"21-06-2015, 1:43 ??",NULL,NULL,NULL,1434862000000,2015-06-21
352,352,102,1,2,2,35.6956,139.7919,????,"21-06-2015, 1:43 ??",NULL,NULL,NULL,1434862000000,2015-06-21
353,353,102,1,3,3,35.69814,139.7732,?????,"21-06-2015, 1:50 ??",NULL,NULL,NULL,1434862000000,2015-06-21
354,354,102,1,3,3,35.69814,139.7732,?????,"21-06-2015, 1:50 ??",NULL,NULL,NULL,1434862000000,2015-06-21
355,355,137,1,1,1,35.6691,139.7919,???,"21-06-2015, 2:36 ??",NULL,NULL,NULL,1434865000000,2015-06-21
356,356,137,1,1,1,35.65591,139.7928,???,"21-06-2015, 3:00 ??",NULL,NULL,NULL,1434866000000,2015-06-21
357,357,137,1,3,3,35.658,139.7927,?????,"21-06-2015, 3:29 ??",NULL,NULL,NULL,1434868000000,2015-06-21
358,358,126,1,2,2,34.71108,135.5114,????,"21-06-2015, 4:07 ??",NULL,NULL,NULL,1434870000000,2015-06-21
359,359,113,1,1,1,34.40801,132.751,???,"21-06-2015, 4:14 ??",NULL,NULL,NULL,1434871000000,2015-06-21
361,361,136,1,2,2,35.53088,139.6957,????,"21-06-2015, 4:27 ??",NULL,NULL,NULL,1434872000000,2015-06-21
362,362,125,1,2,3,34.96823,136.9058,?????,"21-06-2015, 4:27 ??",NULL,NULL,NULL,1434872000000,2015-06-21
363,363,123,1,1,1,34.38592,132.4421,???,"21-06-2015, 4:32 ??",NULL,NULL,NULL,1434872000000,2015-06-21
364,364,115,1,2,2,35.50374,139.417,????,"21-06-2015, 5:43 ??",NULL,NULL,NULL,1434876000000,2015-06-21
365,365,156,1,3,3,35.70473,139.6114,?????,"21-06-2015, 5:44 ??",NULL,NULL,NULL,1434876000000,2015-06-21
366,366,102,1,2,2,35.68942,139.7003,????,"21-06-2015, 5:54 ??",NULL,NULL,NULL,1434877000000,2015-06-21
367,367,157,1,1,1,34.85906,135.7083,???,"21-06-2015, 6:10 ??",NULL,NULL,NULL,1434878000000,2015-06-21
368,368,131,1,2,2,37.88273,139.0657,????,"21-06-2015, 7:04 ??",NULL,NULL,NULL,1434881000000,2015-06-21
369,369,131,1,2,2,37.88526,139.0716,????,"21-06-2015, 7:05 ??",NULL,NULL,NULL,1434881000000,2015-06-21
370,370,105,1,1,1,35.72932,139.7104,Feeling HAPPY,"21-06-2015, 8:01 PM",NULL,NULL,NULL,1434885000000,2015-06-21
371,371,105,1,2,2,35.73297,139.7125,Feeling OKAY,"21-06-2015, 8:05 PM",NULL,NULL,NULL,1434885000000,2015-06-21
374,374,102,1,2,2,35.67108,139.7026,????,"21-06-2015, 10:02 ??",NULL,NULL,NULL,1434892000000,2015-06-21
375,375,136,1,1,1,35.46065,139.6175,???,"21-06-2015, 10:24 ??",NULL,NULL,NULL,1434893000000,2015-06-21
376,376,102,1,1,1,35.6282,139.7386,???,"21-06-2015, 10:41 ??",NULL,NULL,NULL,1434894000000,2015-06-21
377,377,137,1,2,2,35.66189,139.7923,????,"21-06-2015, 11:04 ??",NULL,NULL,NULL,1434895000000,2015-06-21
378,378,105,1,2,2,35.76797,139.7892,Feeling OKAY,"22-06-2015, 12:06 AM",NULL,NULL,NULL,1434899000000,2015-06-21
379,379,118,1,2,2,35.46421,139.386,????,"22-06-2015, 12:29 ??",NULL,NULL,NULL,1434901000000,2015-06-21
380,380,162,1,1,1,35.46634,139.388,???,"22-06-2015, 1:20 ??",NULL,NULL,NULL,1434904000000,2015-06-21
381,381,113,1,1,2,34.54773,132.8255,????,"22-06-2015, 6:06 ??",NULL,NULL,NULL,1434921000000,2015-06-21
382,382,115,1,1,1,35.49921,139.4084,???,"22-06-2015, 6:15 ??",NULL,NULL,NULL,1434921000000,2015-06-21
383,383,157,1,1,1,34.86176,135.6752,???,"22-06-2015, 6:24 ??",NULL,NULL,NULL,1434922000000,2015-06-21
384,384,115,1,1,1,35.50143,139.4104,???,"22-06-2015, 6:31 ??",NULL,NULL,NULL,1434922000000,2015-06-21
385,385,163,1,1,1,33.37743,130.5223,???,"22-06-2015, 6:38 ??",NULL,NULL,NULL,1434923000000,2015-06-21
386,386,163,1,1,1,33.37743,130.5223,???,"22-06-2015, 6:38 ??",NULL,NULL,NULL,1434923000000,2015-06-21
387,387,162,1,1,1,35.45258,139.3922,???,"22-06-2015, 6:52 ??",NULL,NULL,NULL,1434924000000,2015-06-21
388,388,118,1,2,2,35.45387,139.3943,????,"22-06-2015, 6:52 ??",NULL,NULL,NULL,1434924000000,2015-06-21
390,390,157,1,1,1,34.69424,135.5272,???,"22-06-2015, 7:14 ??",NULL,NULL,NULL,1434925000000,2015-06-21
391,391,164,1,2,2,35.64837,139.7524,????,"22-06-2015, 7:14 ??",NULL,NULL,NULL,1434925000000,2015-06-21
393,393,156,1,3,3,35.69681,139.6037,?????,"22-06-2015, 7:44 ??",NULL,NULL,NULL,1434927000000,2015-06-21
396,396,156,1,2,3,35.69572,139.6067,?????,"22-06-2015, 7:49 ??",NULL,NULL,NULL,1434927000000,2015-06-21
397,397,165,1,2,2,35.73384,139.8206,????,"22-06-2015, 8:24 AM",NULL,NULL,NULL,1434929000000,2015-06-21
398,398,102,1,3,3,35.65128,140.0413,?????,"22-06-2015, 8:55 ??",NULL,NULL,NULL,1434931000000,2015-06-21
399,399,105,1,3,3,35.7481,139.8047,Feeling SAD,"22-06-2015, 9:20 AM",NULL,NULL,NULL,1434932000000,2015-06-22
402,402,167,1,2,2,35.6805,139.7616,????,"22-06-2015, 10:19 ??",NULL,NULL,NULL,1434936000000,2015-06-22
403,403,165,1,1,1,35.68949,139.8134,???,"22-06-2015, 10:29 AM",NULL,NULL,NULL,1434937000000,2015-06-22
405,405,115,1,1,1,35.6568,139.7807,???,"22-06-2015, 11:17 ??",NULL,NULL,NULL,1434939000000,2015-06-22
406,406,169,1,1,1,34.52251,135.6094,???,"22-06-2015, 11:36 ??",NULL,NULL,NULL,1434941000000,2015-06-22
407,407,110,1,1,1,43.09046,141.5305,???,"22-06-2015, 11:44 ??",NULL,NULL,NULL,1434941000000,2015-06-22
408,408,169,1,3,3,34.48978,135.6107,?????,"22-06-2015, 12:15 ??",NULL,NULL,NULL,1434943000000,2015-06-22
409,409,123,1,3,3,34.4164,132.4527,?????,"22-06-2015, 12:16 ??",NULL,NULL,NULL,1434943000000,2015-06-22
410,410,137,1,2,2,35.65619,139.7975,????,"22-06-2015, 12:18 ??",NULL,NULL,NULL,1434943000000,2015-06-22
411,411,163,1,1,1,33.2053,130.3734,???,"22-06-2015, 12:35 ??",NULL,NULL,NULL,1434944000000,2015-06-22
413,413,157,1,1,1,34.69088,135.5012,???,"22-06-2015, 12:50 ??",NULL,NULL,NULL,1434945000000,2015-06-22
414,414,131,1,1,1,37.79164,139.1158,???,"22-06-2015, 12:52 ??",NULL,NULL,NULL,1434945000000,2015-06-22
415,415,107,1,2,2,35.79719,139.9115,????,"22-06-2015, 1:21 ??",NULL,NULL,NULL,1434947000000,2015-06-22
416,416,105,1,1,1,35.72762,139.7103,Feeling HAPPY,"22-06-2015, 1:23 PM",NULL,NULL,NULL,1434947000000,2015-06-22
417,417,104,1,1,1,36.45908,136.5085,???,"22-06-2015, 1:32 ??",NULL,NULL,NULL,1434948000000,2015-06-22
418,418,105,1,2,2,35.72835,139.7121,Feeling OKAY,"22-06-2015, 1:36 PM",NULL,NULL,NULL,1434948000000,2015-06-22
420,420,118,1,2,2,35.69682,139.8135,????,"22-06-2015, 1:56 ??",NULL,NULL,NULL,1434949000000,2015-06-22
421,421,162,1,2,2,35.69627,139.816,????,"22-06-2015, 1:56 ??",NULL,NULL,NULL,1434949000000,2015-06-22
422,422,104,1,1,1,36.46831,136.5434,???,"22-06-2015, 2:10 ??",NULL,NULL,NULL,1434950000000,2015-06-22
423,423,126,1,1,1,34.7107,135.5093,???,"22-06-2015, 2:40 ??",NULL,NULL,NULL,1434952000000,2015-06-22
424,424,137,1,2,2,35.6619,139.7922,????,"22-06-2015, 2:48 ??",NULL,NULL,NULL,1434952000000,2015-06-22
425,425,115,1,2,2,35.68109,139.6863,????,"22-06-2015, 3:30 ??",NULL,NULL,NULL,1434955000000,2015-06-22
426,426,115,1,1,1,35.6737,139.6679,???,"22-06-2015, 3:31 ??",NULL,NULL,NULL,1434955000000,2015-06-22
427,427,167,1,3,1,35.71317,139.9233,???,"22-06-2015, 3:55 ??",NULL,NULL,NULL,1434956000000,2015-06-22
428,428,125,1,1,1,35.0099,136.8936,???,"22-06-2015, 4:47 ??",NULL,NULL,NULL,1434959000000,2015-06-22
429,429,164,1,2,2,35.64848,139.7508,????,"22-06-2015, 5:03 ??",NULL,NULL,NULL,1434960000000,2015-06-22
430,430,169,1,1,1,34.50045,135.6058,???,"22-06-2015, 5:05 ??",NULL,NULL,NULL,1434960000000,2015-06-22
431,431,169,1,1,1,34.50141,135.6084,???,"22-06-2015, 5:08 ??",NULL,NULL,NULL,1434960000000,2015-06-22
433,433,163,1,1,1,33.20677,130.3799,???,"22-06-2015, 5:34 ??",NULL,NULL,NULL,1434962000000,2015-06-22
434,434,125,1,2,2,34.96818,136.9058,????,"22-06-2015, 5:53 ??",NULL,NULL,NULL,1434963000000,2015-06-22
435,435,123,1,2,2,34.39211,132.4735,????,"22-06-2015, 5:55 ??",NULL,NULL,NULL,1434963000000,2015-06-22
436,437,165,1,2,2,35.68627,139.8001,????,"22-06-2015, 6:04 PM",NULL,NULL,NULL,1434964000000,2015-06-22
437,438,162,1,2,2,35.64534,139.7479,????,"22-06-2015, 6:25 ??",NULL,NULL,NULL,1434965000000,2015-06-22
438,439,118,1,1,1,35.6409,139.744,???,"22-06-2015, 6:26 ??",NULL,NULL,NULL,1434965000000,2015-06-22
439,440,118,1,1,1,35.46188,139.6172,???,"22-06-2015, 6:27 ??",NULL,NULL,NULL,1434965000000,2015-06-22
440,441,123,1,2,2,34.38673,132.4643,????,"22-06-2015, 6:28 ??",NULL,NULL,NULL,1434965000000,2015-06-22
441,442,105,1,2,2,35.76799,139.7892,Feeling OKAY,"22-06-2015, 6:52 PM",NULL,NULL,NULL,1434967000000,2015-06-22
442,443,126,1,2,2,34.71109,135.5114,????,"22-06-2015, 7:39 ??",NULL,NULL,NULL,1434970000000,2015-06-22
444,445,169,1,3,3,34.52251,135.6094,?????,"22-06-2015, 8:45 ??",NULL,NULL,NULL,1434974000000,2015-06-22
445,446,164,1,2,2,35.6842,139.8452,????,"22-06-2015, 9:05 ??",NULL,NULL,NULL,1434975000000,2015-06-22
446,447,169,1,3,3,34.65715,135.5439,?????,"22-06-2015, 9:38 ??",NULL,NULL,NULL,1434977000000,2015-06-22
447,448,156,1,3,3,35.70142,139.598,?????,"22-06-2015, 9:45 ??",NULL,NULL,NULL,1434977000000,2015-06-22
449,450,181,1,1,1,36.13686,137.9559,???,"22-06-2015, 9:49 ??",NULL,NULL,NULL,1434977000000,2015-06-22
450,451,167,1,2,1,35.66862,140.0402,???,"22-06-2015, 10:45 ??",NULL,NULL,NULL,1434981000000,2015-06-22
451,452,123,1,2,2,34.38523,132.4423,????,"22-06-2015, 10:52 ??",NULL,NULL,NULL,1434981000000,2015-06-22
452,453,107,1,1,1,35.79626,139.9152,???,"22-06-2015, 11:49 ??",NULL,NULL,NULL,1434985000000,2015-06-22
454,455,165,1,2,2,35.96885,139.7673,????,"23-06-2015, 4:03 AM",NULL,NULL,NULL,1435000000000,2015-06-22
455,456,164,1,2,3,35.68863,139.8453,?????,"23-06-2015, 5:39 ??",NULL,NULL,NULL,1435006000000,2015-06-22
456,457,164,1,1,3,35.69005,139.8461,?????,"23-06-2015, 5:42 ??",NULL,NULL,NULL,1435006000000,2015-06-22
457,458,185,1,2,3,35.8376,139.6786,?????,"23-06-2015, 6:16 ??",NULL,NULL,NULL,1435008000000,2015-06-22
458,459,163,1,2,2,33.40201,130.5277,????,"23-06-2015, 6:27 ??",NULL,NULL,NULL,1435008000000,2015-06-22
459,460,162,1,1,1,35.45362,139.3922,???,"23-06-2015, 6:48 ??",NULL,NULL,NULL,1435010000000,2015-06-22
461,462,163,1,1,1,33.36514,130.5095,???,"23-06-2015, 6:49 ??",NULL,NULL,NULL,1435010000000,2015-06-22
462,463,118,1,2,2,35.45357,139.3921,????,"23-06-2015, 6:48 ??",NULL,NULL,NULL,1435010000000,2015-06-22
463,464,125,1,1,1,34.97348,136.9122,???,"23-06-2015, 7:02 ??",NULL,NULL,NULL,1435011000000,2015-06-22
464,465,125,1,1,1,34.97878,136.9092,???,"23-06-2015, 7:04 ??",NULL,NULL,NULL,1435011000000,2015-06-22
465,466,123,1,2,2,34.38529,132.4609,????,"23-06-2015, 7:39 ??",NULL,NULL,NULL,1435013000000,2015-06-22
466,467,157,1,1,1,34.86168,135.6752,???,"23-06-2015, 8:18 ??",NULL,NULL,NULL,1435015000000,2015-06-22
467,468,118,1,2,2,35.69559,139.8151,????,"23-06-2015, 8:23 ??",NULL,NULL,NULL,1435015000000,2015-06-22
468,469,165,1,3,3,35.68203,139.7994,?????,"23-06-2015, 8:34 AM",NULL,NULL,NULL,1435016000000,2015-06-22
469,470,165,1,1,1,35.6829,139.7985,???,"23-06-2015, 8:34 AM",NULL,NULL,NULL,1435016000000,2015-06-22
470,471,105,1,2,2,35.75108,139.8048,Feeling OKAY,"23-06-2015, 9:01 AM",NULL,NULL,NULL,1435018000000,2015-06-23
471,472,157,1,1,1,35.00376,135.7695,???,"23-06-2015, 9:09 ??",NULL,NULL,NULL,1435018000000,2015-06-23
472,473,135,1,1,1,35.58361,139.7249,???,"23-06-2015, 9:22 ??",NULL,NULL,NULL,1435019000000,2015-06-23
473,474,135,1,1,1,35.53551,139.702,???,"23-06-2015, 9:25 ??",NULL,NULL,NULL,1435019000000,2015-06-23
474,475,135,1,1,1,35.53075,139.6963,???,"23-06-2015, 9:27 ??",NULL,NULL,NULL,1435019000000,2015-06-23
475,476,135,1,1,1,35.52425,139.6886,???,"23-06-2015, 9:28 ??",NULL,NULL,NULL,1435019000000,2015-06-23
476,477,135,1,1,1,35.52066,139.6845,???,"23-06-2015, 9:28 ??",NULL,NULL,NULL,1435019000000,2015-06-23
477,478,164,1,2,2,35.64822,139.7523,????,"23-06-2015, 9:46 ??",NULL,NULL,NULL,1435020000000,2015-06-23
478,479,105,1,2,2,35.72784,139.7104,Feeling OKAY,"23-06-2015, 9:49 AM",NULL,NULL,NULL,1435021000000,2015-06-23
479,480,137,1,2,2,35.69607,139.7509,????,"23-06-2015, 10:47 ??",NULL,NULL,NULL,1435024000000,2015-06-23
480,481,137,1,3,3,35.69091,139.7575,?????,"23-06-2015, 10:48 ??",NULL,NULL,NULL,1435024000000,2015-06-23
481,482,162,1,3,2,35.69457,139.8241,????,"23-06-2015, 10:50 ??",NULL,NULL,NULL,1435024000000,2015-06-23
482,483,118,1,3,1,35.6946,139.8239,???,"23-06-2015, 11:23 ??",NULL,NULL,NULL,1435026000000,2015-06-23
483,484,189,1,1,1,34.63279,135.5287,???,"23-06-2015, 11:50 ??",NULL,NULL,NULL,1435028000000,2015-06-23
485,486,123,1,1,1,34.38674,132.4643,???,"23-06-2015, 12:26 ??",NULL,NULL,NULL,1435030000000,2015-06-23
486,487,136,1,1,1,35.47432,139.6297,???,"23-06-2015, 12:28 ??",NULL,NULL,NULL,1435030000000,2015-06-23
487,488,166,1,1,1,36.64998,139.0579,???,"23-06-2015, 12:35 PM",NULL,NULL,NULL,1435031000000,2015-06-23
488,489,181,1,1,1,36.117,137.9435,???,"23-06-2015, 12:36 ??",NULL,NULL,NULL,1435031000000,2015-06-23
489,490,165,1,1,1,35.68626,139.8001,???,"23-06-2015, 12:40 PM",NULL,NULL,NULL,1435031000000,2015-06-23
490,491,167,1,1,1,35.81075,139.9175,???,"23-06-2015, 12:42 ??",NULL,NULL,NULL,1435031000000,2015-06-23
491,492,163,1,1,1,33.2053,130.3734,???,"23-06-2015, 12:58 ??",NULL,NULL,NULL,1435032000000,2015-06-23
492,493,104,1,3,3,36.47753,136.5036,?????,"23-06-2015, 12:59 ??",NULL,NULL,NULL,1435032000000,2015-06-23
493,494,118,1,1,1,35.69445,139.8264,???,"23-06-2015, 1:10 ??",NULL,NULL,NULL,1435033000000,2015-06-23
494,495,107,1,1,1,35.80034,139.9116,???,"23-06-2015, 1:29 ??",NULL,NULL,NULL,1435034000000,2015-06-23
495,496,167,1,3,1,35.79775,139.9159,???,"23-06-2015, 2:07 ??",NULL,NULL,NULL,1435036000000,2015-06-23
496,497,113,1,2,1,34.42765,132.7488,???,"23-06-2015, 2:08 ??",NULL,NULL,NULL,1435036000000,2015-06-23
499,500,163,1,2,2,33.20992,130.4379,????,"23-06-2015, 3:52 ??",NULL,NULL,NULL,1435042000000,2015-06-23
500,501,163,1,1,1,33.21019,130.441,???,"23-06-2015, 3:54 ??",NULL,NULL,NULL,1435042000000,2015-06-23
501,502,163,1,2,2,33.21001,130.4423,????,"23-06-2015, 3:54 ??",NULL,NULL,NULL,1435042000000,2015-06-23
502,503,163,1,2,2,33.21021,130.4434,????,"23-06-2015, 3:55 ??",NULL,NULL,NULL,1435043000000,2015-06-23
503,504,163,1,2,1,33.20992,130.4453,???,"23-06-2015, 3:55 ??",NULL,NULL,NULL,1435043000000,2015-06-23
504,505,163,1,2,1,33.20992,130.4453,???,"23-06-2015, 3:55 ??",NULL,NULL,NULL,1435043000000,2015-06-23
505,506,163,1,2,2,33.2097,130.4475,????,"23-06-2015, 3:55 ??",NULL,NULL,NULL,1435043000000,2015-06-23
506,507,163,1,1,1,33.20972,130.4495,???,"23-06-2015, 3:56 ??",NULL,NULL,NULL,1435043000000,2015-06-23
507,508,185,1,3,2,36.19716,139.2667,????,"23-06-2015, 3:57 ??",NULL,NULL,NULL,1435043000000,2015-06-23
508,509,125,1,1,1,34.96381,136.9153,???,"23-06-2015, 4:09 ??",NULL,NULL,NULL,1435043000000,2015-06-23
509,510,167,1,3,1,35.66928,140.0396,???,"23-06-2015, 4:25 ??",NULL,NULL,NULL,1435044000000,2015-06-23
510,511,136,1,2,2,35.52952,139.6969,????,"23-06-2015, 4:52 ??",NULL,NULL,NULL,1435046000000,2015-06-23
511,512,104,1,2,2,36.56452,136.5813,????,"23-06-2015, 5:00 ??",NULL,NULL,NULL,1435046000000,2015-06-23
512,513,164,1,1,1,35.64817,139.7505,???,"23-06-2015, 5:05 ??",NULL,NULL,NULL,1435047000000,2015-06-23
513,514,189,1,2,1,34.62358,135.5573,???,"23-06-2015, 5:39 ??",NULL,NULL,NULL,1435049000000,2015-06-23
514,515,189,1,1,1,34.62506,135.5561,???,"23-06-2015, 5:40 ??",NULL,NULL,NULL,1435049000000,2015-06-23
515,516,123,1,3,3,34.37909,132.4844,?????,"23-06-2015, 5:47 ??",NULL,NULL,NULL,1435049000000,2015-06-23
516,517,157,1,2,2,34.8613,135.6758,????,"23-06-2015, 5:54 ??",NULL,NULL,NULL,1435050000000,2015-06-23
517,518,162,1,2,2,35.65609,139.6974,????,"23-06-2015, 6:09 ??",NULL,NULL,NULL,1435051000000,2015-06-23
518,519,118,1,3,1,35.65609,139.6974,???,"23-06-2015, 6:09 ??",NULL,NULL,NULL,1435051000000,2015-06-23
519,520,165,1,1,1,35.66194,139.7869,???,"23-06-2015, 6:20 PM",NULL,NULL,NULL,1435051000000,2015-06-23
520,521,107,1,2,2,35.771,139.8431,????,"23-06-2015, 6:54 ??",NULL,NULL,NULL,1435053000000,2015-06-23
522,523,131,1,2,2,37.86157,139.1234,????,"23-06-2015, 7:07 ??",NULL,NULL,NULL,1435054000000,2015-06-23
523,524,181,1,1,1,36.13668,137.9561,???,"23-06-2015, 7:52 ??",NULL,NULL,NULL,1435057000000,2015-06-23
524,525,107,1,1,1,35.76962,139.8453,???,"23-06-2015, 8:31 ??",NULL,NULL,NULL,1435059000000,2015-06-23
525,526,113,1,2,2,34.55449,132.8634,????,"23-06-2015, 8:41 ??",NULL,NULL,NULL,1435060000000,2015-06-23
526,527,156,1,3,3,35.70355,139.5983,?????,"23-06-2015, 9:05 ??",NULL,NULL,NULL,1435061000000,2015-06-23
527,528,125,1,1,3,34.96829,136.9057,?????,"23-06-2015, 9:06 ??",NULL,NULL,NULL,1435061000000,2015-06-23
528,529,164,1,3,3,35.68423,139.8452,?????,"23-06-2015, 9:19 ??",NULL,NULL,NULL,1435062000000,2015-06-23
529,530,136,1,2,2,35.4634,139.6247,????,"23-06-2015, 10:01 ??",NULL,NULL,NULL,1435065000000,2015-06-23
530,531,189,1,1,1,34.62392,135.5585,???,"23-06-2015, 10:40 ??",NULL,NULL,NULL,1435067000000,2015-06-23
531,532,107,1,3,1,35.79632,139.9153,???,"23-06-2015, 11:08 ??",NULL,NULL,NULL,1435069000000,2015-06-23
532,533,135,1,1,2,35.67744,139.7731,????,"23-06-2015, 11:29 ??",NULL,NULL,NULL,1435070000000,2015-06-23
533,534,135,1,1,1,35.67533,139.772,???,"23-06-2015, 11:43 ??",NULL,NULL,NULL,1435071000000,2015-06-23
534,535,164,1,3,1,35.68847,139.8448,???,"24-06-2015, 5:37 ??",NULL,NULL,NULL,1435092000000,2015-06-23
535,536,162,1,3,1,35.45784,139.392,???,"24-06-2015, 6:45 ??",NULL,NULL,NULL,1435096000000,2015-06-23
536,537,162,1,1,1,35.4568,139.3919,???,"24-06-2015, 6:45 ??",NULL,NULL,NULL,1435096000000,2015-06-23
537,538,157,1,2,2,34.69008,135.5118,????,"24-06-2015, 7:20 ??",NULL,NULL,NULL,1435098000000,2015-06-23
538,539,185,1,1,2,35.68944,139.7081,????,"24-06-2015, 7:28 ??",NULL,NULL,NULL,1435098000000,2015-06-23
539,540,165,1,3,1,35.96492,139.7675,???,"24-06-2015, 7:33 AM",NULL,NULL,NULL,1435099000000,2015-06-23
540,541,125,1,2,1,34.9735,136.9123,???,"24-06-2015, 7:49 ??",NULL,NULL,NULL,1435100000000,2015-06-23
542,543,137,1,2,2,35.66189,139.7923,????,"24-06-2015, 9:09 ??",NULL,NULL,NULL,1435105000000,2015-06-24
543,544,195,1,1,1,38.4298,141.2698,???,"24-06-2015, 10:25 ??",NULL,NULL,NULL,1435109000000,2015-06-24
544,545,162,1,1,1,35.69461,139.824,???,"24-06-2015, 11:10 ??",NULL,NULL,NULL,1435112000000,2015-06-24
545,546,181,1,1,1,36.11699,137.9435,???,"24-06-2015, 11:33 ??",NULL,NULL,NULL,1435113000000,2015-06-24
546,547,165,1,1,1,35.66025,139.733,???,"24-06-2015, 11:44 AM",NULL,NULL,NULL,1435114000000,2015-06-24
547,548,165,1,1,1,35.66473,139.7311,???,"24-06-2015, 11:44 AM",NULL,NULL,NULL,1435114000000,2015-06-24
548,549,125,1,1,1,34.96599,136.9057,???,"24-06-2015, 11:49 ??",NULL,NULL,NULL,1435114000000,2015-06-24
549,550,110,1,1,1,43.06966,141.2838,???,"24-06-2015, 11:58 ??",NULL,NULL,NULL,1435115000000,2015-06-24
550,551,136,1,2,2,35.46961,139.5416,????,"24-06-2015, 11:58 ??",NULL,NULL,NULL,1435115000000,2015-06-24
551,552,164,1,2,2,35.64827,139.7521,????,"24-06-2015, 12:05 ??",NULL,NULL,NULL,1435115000000,2015-06-24
552,553,157,1,1,1,34.69077,135.5011,???,"24-06-2015, 1:13 ??",NULL,NULL,NULL,1435119000000,2015-06-24
553,554,126,1,3,3,34.71524,135.51,?????,"24-06-2015, 1:21 ??",NULL,NULL,NULL,1435120000000,2015-06-24
554,555,185,1,2,1,35.68345,139.6537,???,"24-06-2015, 1:34 ??",NULL,NULL,NULL,1435120000000,2015-06-24
555,556,110,1,1,1,43.05214,141.472,???,"24-06-2015, 2:02 ??",NULL,NULL,NULL,1435122000000,2015-06-24
556,557,167,1,2,1,35.71906,139.9334,???,"24-06-2015, 2:45 ??",NULL,NULL,NULL,1435125000000,2015-06-24
557,558,162,1,1,1,35.87224,139.5129,???,"24-06-2015, 4:16 ??",NULL,NULL,NULL,1435130000000,2015-06-24
558,559,137,1,2,2,35.66248,139.782,????,"24-06-2015, 5:25 ??",NULL,NULL,NULL,1435134000000,2015-06-24
559,560,167,1,1,1,35.8051,139.9055,???,"24-06-2015, 5:34 ??",NULL,NULL,NULL,1435135000000,2015-06-24
560,561,137,1,1,1,35.65661,139.7914,???,"24-06-2015, 5:56 ??",NULL,NULL,NULL,1435136000000,2015-06-24
561,562,107,1,1,1,35.77112,139.8431,???,"24-06-2015, 5:58 ??",NULL,NULL,NULL,1435136000000,2015-06-24
562,563,126,1,2,2,34.7111,135.5114,????,"24-06-2015, 6:06 ??",NULL,NULL,NULL,1435137000000,2015-06-24
563,564,125,1,1,1,34.96839,136.9057,???,"24-06-2015, 6:13 ??",NULL,NULL,NULL,1435137000000,2015-06-24
564,565,181,1,2,2,36.13611,137.9557,????,"24-06-2015, 6:18 ??",NULL,NULL,NULL,1435138000000,2015-06-24
565,566,165,1,1,1,35.63004,139.7887,???,"24-06-2015, 6:46 PM",NULL,NULL,NULL,1435139000000,2015-06-24
566,567,195,1,2,2,38.43961,141.233,????,"24-06-2015, 6:52 ??",NULL,NULL,NULL,1435140000000,2015-06-24
569,570,164,1,2,2,35.68422,139.8452,????,"24-06-2015, 8:24 ??",NULL,NULL,NULL,1435145000000,2015-06-24
571,572,169,1,3,3,34.52548,135.6045,?????,"24-06-2015, 9:15 ??",NULL,NULL,NULL,1435148000000,2015-06-24
572,573,163,1,2,2,33.40349,130.5157,????,"24-06-2015, 9:19 ??",NULL,NULL,NULL,1435148000000,2015-06-24
573,574,167,1,3,1,35.66867,140.0401,???,"24-06-2015, 9:39 ??",NULL,NULL,NULL,1435150000000,2015-06-24
574,575,123,1,1,1,34.3854,132.4419,???,"24-06-2015, 9:45 ??",NULL,NULL,NULL,1435150000000,2015-06-24
575,576,136,1,1,1,35.46712,139.6244,???,"24-06-2015, 10:14 ??",NULL,NULL,NULL,1435152000000,2015-06-24
577,578,107,1,1,1,35.7963,139.9153,???,"24-06-2015, 10:29 ??",NULL,NULL,NULL,1435153000000,2015-06-24
578,579,135,1,1,1,35.75849,139.6287,???,"25-06-2015, 12:08 ??",NULL,NULL,NULL,1435158000000,2015-06-24
579,580,135,1,2,2,35.72365,139.6832,????,"25-06-2015, 12:09 ??",NULL,NULL,NULL,1435159000000,2015-06-24
581,582,163,1,3,1,33.40584,130.5165,???,"25-06-2015, 4:44 ??",NULL,NULL,NULL,1435175000000,2015-06-24
582,583,185,1,2,2,35.69302,139.6969,????,"25-06-2015, 5:12 ??",NULL,NULL,NULL,1435177000000,2015-06-24
583,584,165,1,2,2,35.96903,139.7671,????,"25-06-2015, 5:51 AM",NULL,NULL,NULL,1435179000000,2015-06-24
584,585,137,1,2,2,35.66193,139.7922,????,"25-06-2015, 6:11 ??",NULL,NULL,NULL,1435180000000,2015-06-24
585,586,125,1,2,1,34.97337,136.9123,???,"25-06-2015, 7:48 ??",NULL,NULL,NULL,1435186000000,2015-06-24
586,587,195,1,1,1,38.22315,140.9511,???,"25-06-2015, 8:10 ??",NULL,NULL,NULL,1435187000000,2015-06-24
587,588,195,1,1,1,38.27366,140.9835,???,"25-06-2015, 8:14 ??",NULL,NULL,NULL,1435188000000,2015-06-24
588,589,195,1,1,1,38.27825,140.991,???,"25-06-2015, 8:19 ??",NULL,NULL,NULL,1435188000000,2015-06-24
589,590,135,1,1,1,35.67746,139.7731,???,"25-06-2015, 8:22 ??",NULL,NULL,NULL,1435188000000,2015-06-24
590,591,165,1,1,2,35.97619,139.7501,????,"25-06-2015, 8:23 AM",NULL,NULL,NULL,1435188000000,2015-06-24
592,593,181,1,1,1,36.24908,137.9782,???,"25-06-2015, 9:00 ??",NULL,NULL,NULL,1435190000000,2015-06-25
593,594,189,1,1,1,34.60655,135.5732,???,"25-06-2015, 9:24 ??",NULL,NULL,NULL,1435192000000,2015-06-25
595,596,181,1,2,2,36.11703,137.9435,????,"25-06-2015, 12:23 ??",NULL,NULL,NULL,1435203000000,2015-06-25
596,597,166,1,2,1,36.32964,139.1002,???,"25-06-2015, 12:29 PM",NULL,NULL,NULL,1435203000000,2015-06-25
597,598,125,1,2,1,34.96818,136.9058,???,"25-06-2015, 12:44 ??",NULL,NULL,NULL,1435204000000,2015-06-25
599,600,156,1,1,3,35.69757,139.5991,?????,"25-06-2015, 12:56 ??",NULL,NULL,NULL,1435205000000,2015-06-25
600,601,185,1,2,2,36.1997,139.1404,????,"25-06-2015, 1:12 ??",NULL,NULL,NULL,1435206000000,2015-06-25
601,602,189,1,1,1,34.62351,135.5587,???,"25-06-2015, 2:55 ??",NULL,NULL,NULL,1435212000000,2015-06-25
603,604,167,1,1,1,35.64361,139.9046,???,"25-06-2015, 4:12 ??",NULL,NULL,NULL,1435216000000,2015-06-25
604,605,104,1,1,1,36.4445,136.5047,???,"25-06-2015, 5:04 ??",NULL,NULL,NULL,1435219000000,2015-06-25
605,606,165,1,2,2,35.6966,139.7749,????,"25-06-2015, 5:16 PM",NULL,NULL,NULL,1435220000000,2015-06-25
606,607,165,1,1,1,35.69214,139.7826,???,"25-06-2015, 5:17 PM",NULL,NULL,NULL,1435220000000,2015-06-25
609,610,104,1,1,1,36.45842,136.5083,???,"25-06-2015, 5:33 ??",NULL,NULL,NULL,1435221000000,2015-06-25
610,611,163,1,1,1,33.20707,130.3802,???,"25-06-2015, 5:38 ??",NULL,NULL,NULL,1435222000000,2015-06-25
611,612,163,1,1,1,33.2063,130.3808,???,"25-06-2015, 5:39 ??",NULL,NULL,NULL,1435222000000,2015-06-25
612,613,107,1,2,2,35.79884,139.9143,????,"25-06-2015, 5:37 ??",NULL,NULL,NULL,1435221000000,2015-06-25
613,614,163,1,2,1,33.20754,130.3828,???,"25-06-2015, 5:40 ??",NULL,NULL,NULL,1435222000000,2015-06-25
614,615,163,1,1,1,33.20867,130.3843,???,"25-06-2015, 5:40 ??",NULL,NULL,NULL,1435222000000,2015-06-25
615,616,163,1,3,1,33.20933,130.3871,???,"25-06-2015, 5:41 ??",NULL,NULL,NULL,1435222000000,2015-06-25
616,617,156,1,3,3,35.70219,139.6005,?????,"25-06-2015, 6:19 ??",NULL,NULL,NULL,1435224000000,2015-06-25
617,618,156,1,2,3,35.70114,139.5995,?????,"25-06-2015, 6:23 ??",NULL,NULL,NULL,1435224000000,2015-06-25
618,619,189,1,2,1,34.63479,135.528,???,"25-06-2015, 6:56 ??",NULL,NULL,NULL,1435226000000,2015-06-25
619,620,189,1,2,1,34.63182,135.5237,???,"25-06-2015, 7:00 ??",NULL,NULL,NULL,1435226000000,2015-06-25
620,621,137,1,2,2,35.65916,139.7918,????,"25-06-2015, 7:45 ??",NULL,NULL,NULL,1435229000000,2015-06-25
621,622,181,1,1,1,36.13977,137.9544,???,"25-06-2015, 8:35 ??",NULL,NULL,NULL,1435232000000,2015-06-25
623,624,195,1,1,1,38.31051,140.9775,???,"25-06-2015, 8:57 ??",NULL,NULL,NULL,1435233000000,2015-06-25
624,625,185,1,2,1,36.19044,139.1385,???,"25-06-2015, 9:05 ??",NULL,NULL,NULL,1435234000000,2015-06-25
625,626,163,1,2,1,33.4033,130.5163,???,"25-06-2015, 9:51 ??",NULL,NULL,NULL,1435237000000,2015-06-25
626,627,107,1,2,2,35.68513,139.7681,????,"25-06-2015, 10:04 ??",NULL,NULL,NULL,1435237000000,2015-06-25
627,628,137,1,2,2,35.66191,139.7923,????,"25-06-2015, 11:53 ??",NULL,NULL,NULL,1435244000000,2015-06-25
628,629,107,1,2,2,35.79628,139.9153,????,"26-06-2015, 12:07 ??",NULL,NULL,NULL,1435245000000,2015-06-25
630,631,135,1,2,2,35.68431,139.7021,????,"26-06-2015, 5:34 ??",NULL,NULL,NULL,1435264000000,2015-06-25
631,632,163,1,2,2,33.37338,130.5198,????,"26-06-2015, 6:46 ??",NULL,NULL,NULL,1435269000000,2015-06-25
632,633,156,1,1,3,35.69537,139.6075,?????,"26-06-2015, 7:07 ??",NULL,NULL,NULL,1435270000000,2015-06-25
633,634,185,1,2,1,36.19307,139.1381,???,"26-06-2015, 7:19 ??",NULL,NULL,NULL,1435271000000,2015-06-25
634,635,113,1,2,2,34.44667,132.8287,????,"26-06-2015, 7:44 ??",NULL,NULL,NULL,1435272000000,2015-06-25
635,636,189,1,1,1,34.5785,135.5966,???,"26-06-2015, 9:37 ??",NULL,NULL,NULL,1435279000000,2015-06-26
636,637,107,1,3,3,35.80064,139.9124,?????,"26-06-2015, 10:13 ??",NULL,NULL,NULL,1435281000000,2015-06-26
637,638,107,1,1,1,35.74191,139.7805,???,"26-06-2015, 10:41 ??",NULL,NULL,NULL,1435283000000,2015-06-26
638,639,107,1,1,1,35.73058,139.7114,???,"26-06-2015, 10:57 ??",NULL,NULL,NULL,1435284000000,2015-06-26
639,640,189,1,1,1,34.60946,135.5491,???,"26-06-2015, 11:44 ??",NULL,NULL,NULL,1435287000000,2015-06-26
640,641,189,1,1,1,34.61859,135.5489,???,"26-06-2015, 11:47 ??",NULL,NULL,NULL,1435287000000,2015-06-26
641,642,136,1,2,2,35.4628,139.5316,????,"26-06-2015, 11:55 ??",NULL,NULL,NULL,1435287000000,2015-06-26
642,643,181,1,2,2,36.13134,137.9503,????,"26-06-2015, 12:27 ??",NULL,NULL,NULL,1435289000000,2015-06-26
644,645,163,1,2,2,33.2053,130.3734,????,"26-06-2015, 12:58 ??",NULL,NULL,NULL,1435291000000,2015-06-26
645,646,126,1,3,3,34.71243,135.5089,?????,"26-06-2015, 1:44 ??",NULL,NULL,NULL,1435294000000,2015-06-26
646,647,126,1,3,3,34.71389,135.5079,?????,"26-06-2015, 1:44 ??",NULL,NULL,NULL,1435294000000,2015-06-26
647,648,113,1,1,2,34.57166,132.8269,????,"26-06-2015, 1:48 ??",NULL,NULL,NULL,1435294000000,2015-06-26
648,649,113,1,1,2,34.5727,132.8277,????,"26-06-2015, 1:49 ??",NULL,NULL,NULL,1435294000000,2015-06-26
649,650,126,1,3,3,34.7111,135.5114,?????,"26-06-2015, 2:08 ??",NULL,NULL,NULL,1435295000000,2015-06-26
650,651,137,1,2,2,35.66757,139.7585,????,"26-06-2015, 2:15 ??",NULL,NULL,NULL,1435296000000,2015-06-26
651,652,107,1,1,1,35.79653,139.9154,???,"26-06-2015, 3:01 ??",NULL,NULL,NULL,1435299000000,2015-06-26
655,656,163,1,2,2,33.20722,130.3826,????,"26-06-2015, 5:39 ??",NULL,NULL,NULL,1435308000000,2015-06-26
656,657,189,1,1,1,34.63809,135.5374,???,"26-06-2015, 5:42 ??",NULL,NULL,NULL,1435308000000,2015-06-26
657,658,185,1,1,1,36.19246,139.136,???,"26-06-2015, 6:14 ??",NULL,NULL,NULL,1435310000000,2015-06-26
658,659,135,1,2,2,34.98501,135.7579,????,"26-06-2015, 6:33 ??",NULL,NULL,NULL,1435311000000,2015-06-26
659,660,135,1,2,2,34.98448,135.7588,????,"26-06-2015, 6:34 ??",NULL,NULL,NULL,1435311000000,2015-06-26
660,661,189,1,1,1,34.63022,135.5367,???,"26-06-2015, 6:55 ??",NULL,NULL,NULL,1435313000000,2015-06-26
661,662,189,1,2,1,34.62999,135.5433,???,"26-06-2015, 6:56 ??",NULL,NULL,NULL,1435313000000,2015-06-26
662,663,189,1,1,1,34.63896,135.535,???,"26-06-2015, 7:11 ??",NULL,NULL,NULL,1435313000000,2015-06-26
663,664,113,1,2,2,34.55489,132.8636,????,"26-06-2015, 7:22 ??",NULL,NULL,NULL,1435314000000,2015-06-26
666,667,156,1,2,3,35.70111,139.6006,?????,"26-06-2015, 9:58 ??",NULL,NULL,NULL,1435323000000,2015-06-26
667,668,136,1,2,2,35.45585,139.6128,????,"26-06-2015, 10:29 ??",NULL,NULL,NULL,1435325000000,2015-06-26
668,669,135,1,1,1,35.75983,139.6216,???,"26-06-2015, 10:52 ??",NULL,NULL,NULL,1435327000000,2015-06-26
696,697,219,1,2,2,35.76796,139.7892,Feeling OKAY,"08-07-2015, 8:09 PM",NULL,NULL,NULL,1436354000000,2015-07-08
698,699,222,1,1,2,35.15232,136.9435,????,"08-07-2015, 8:35 ??",NULL,NULL,NULL,1436355000000,2015-07-08
699,700,223,1,2,2,36.0545,139.5379,????,"08-07-2015, 8:35 ??",NULL,NULL,NULL,1436355000000,2015-07-08
700,701,219,1,2,2,35.76935,139.7895,Feeling OKAY,"08-07-2015, 8:36 PM",NULL,NULL,NULL,1436355000000,2015-07-08
702,703,102,1,1,1,35.65012,140.0341,???,"08-07-2015, 8:46 ??",NULL,NULL,NULL,1436356000000,2015-07-08
704,705,226,1,1,1,35.68418,139.8453,???,"08-07-2015, 8:50 ??",NULL,NULL,NULL,1436356000000,2015-07-08
706,707,228,1,1,1,35.66302,140.0415,???,"08-07-2015, 8:56 ??",NULL,NULL,NULL,1436357000000,2015-07-08
708,709,232,1,3,1,33.40347,130.5157,???,"08-07-2015, 9:31 ??",NULL,NULL,NULL,1436359000000,2015-07-08
711,712,166,1,1,1,36.66288,139.0846,???,"08-07-2015, 10:13 PM",NULL,NULL,NULL,1436361000000,2015-07-08
715,716,239,1,2,2,35.66193,139.7923,????,"08-07-2015, 11:14 ??",NULL,NULL,NULL,1436365000000,2015-07-08
717,718,241,1,2,2,35.79635,139.9155,????,"08-07-2015, 11:23 ??",NULL,NULL,NULL,1436365000000,2015-07-08
718,719,243,1,1,1,26.25237,127.7575,???,"09-07-2015, 12:25 ??",NULL,NULL,NULL,1436369000000,2015-07-08
719,720,244,1,2,2,35.57654,139.5938,????,"09-07-2015, 12:27 ??",NULL,NULL,NULL,1436369000000,2015-07-08
720,721,243,1,1,1,26.25359,127.7561,???,"09-07-2015, 12:27 ??",NULL,NULL,NULL,1436369000000,2015-07-08
721,722,219,1,2,2,35.76796,139.7892,Feeling OKAY,"09-07-2015, 12:38 AM",NULL,NULL,NULL,1436370000000,2015-07-08
722,723,222,1,2,2,35.15367,136.9433,????,"09-07-2015, 12:40 ??",NULL,NULL,NULL,1436370000000,2015-07-08
723,724,219,1,2,2,35.76707,139.7889,Feeling OKAY,"09-07-2015, 12:41 AM",NULL,NULL,NULL,1436370000000,2015-07-08
724,726,222,1,2,2,35.15232,136.9436,????,"09-07-2015, 12:51 ??",NULL,NULL,NULL,1436371000000,2015-07-08
727,729,249,1,1,1,35.71548,139.7841,???,"09-07-2015, 5:05 ??",NULL,NULL,NULL,1436386000000,2015-07-08
729,731,232,1,1,1,33.40591,130.5175,???,"09-07-2015, 5:42 ??",NULL,NULL,NULL,1436388000000,2015-07-08
732,734,252,1,1,1,39.77195,141.1367,???,"09-07-2015, 7:36 ??",NULL,NULL,NULL,1436395000000,2015-07-08
733,735,251,1,2,1,35.91328,139.4779,???,"09-07-2015, 7:19 ??",NULL,NULL,NULL,1436394000000,2015-07-08
734,736,251,1,1,1,35.90727,139.4831,???,"09-07-2015, 7:24 ??",NULL,NULL,NULL,1436394000000,2015-07-08
736,738,244,1,2,2,35.57859,139.5942,????,"09-07-2015, 7:44 ??",NULL,NULL,NULL,1436395000000,2015-07-08
737,739,226,1,2,2,35.64851,139.7524,????,"09-07-2015, 7:47 ??",NULL,NULL,NULL,1436396000000,2015-07-08
738,740,244,1,2,2,35.58105,139.5934,????,"09-07-2015, 7:49 ??",NULL,NULL,NULL,1436396000000,2015-07-08
739,741,244,1,2,2,35.58271,139.5925,????,"09-07-2015, 7:53 ??",NULL,NULL,NULL,1436396000000,2015-07-08
740,742,248,1,1,2,43.0367,141.3631,????,"09-07-2015, 7:55 ??",NULL,NULL,NULL,1436396000000,2015-07-08
741,743,226,1,2,2,35.64889,139.7535,????,"09-07-2015, 7:57 ??",NULL,NULL,NULL,1436396000000,2015-07-08
742,744,219,1,1,1,35.76798,139.7892,Feeling HAPPY,"09-07-2015, 7:58 AM",NULL,NULL,NULL,1436396000000,2015-07-08
743,745,228,1,2,2,35.71371,139.7043,????,"09-07-2015, 8:20 ??",NULL,NULL,NULL,1436398000000,2015-07-08
744,746,244,1,1,1,35.60091,139.6125,???,"09-07-2015, 8:21 ??",NULL,NULL,NULL,1436398000000,2015-07-08
745,747,228,1,2,2,35.70032,139.7012,????,"09-07-2015, 8:21 ??",NULL,NULL,NULL,1436398000000,2015-07-08
746,748,249,1,2,2,35.716,139.781,????,"09-07-2015, 8:21 ??",NULL,NULL,NULL,1436398000000,2015-07-08
747,749,244,1,1,1,35.61152,139.6265,???,"09-07-2015, 8:22 ??",NULL,NULL,NULL,1436398000000,2015-07-08
748,750,228,1,2,2,35.69007,139.7012,????,"09-07-2015, 8:22 ??",NULL,NULL,NULL,1436398000000,2015-07-08
749,751,244,1,1,1,35.60861,139.6475,???,"09-07-2015, 8:27 ??",NULL,NULL,NULL,1436398000000,2015-07-08
750,752,249,1,2,2,35.71412,139.7782,????,"09-07-2015, 8:28 ??",NULL,NULL,NULL,1436398000000,2015-07-08
751,753,230,1,1,1,35.72815,139.818,???,"09-07-2015, 8:29 AM",NULL,NULL,NULL,1436398000000,2015-07-08
752,754,249,1,2,1,35.71316,139.7767,???,"09-07-2015, 8:31 ??",NULL,NULL,NULL,1436398000000,2015-07-08
753,755,243,1,2,2,26.25268,127.7565,????,"09-07-2015, 8:37 ??",NULL,NULL,NULL,1436399000000,2015-07-08
754,756,228,1,2,2,35.64968,139.6995,????,"09-07-2015, 8:38 ??",NULL,NULL,NULL,1436399000000,2015-07-08
755,757,255,1,1,1,35.64515,139.701,???,"09-07-2015, 8:51 ??",NULL,NULL,NULL,1436399000000,2015-07-08
757,759,239,1,2,2,35.67045,139.7745,????,"09-07-2015, 9:11 ??",NULL,NULL,NULL,1436401000000,2015-07-09
758,760,219,1,1,1,35.75156,139.8059,Feeling HAPPY,"09-07-2015, 9:12 AM",NULL,NULL,NULL,1436401000000,2015-07-09
759,761,222,1,1,1,35.15115,136.9441,???,"09-07-2015, 9:32 ??",NULL,NULL,NULL,1436402000000,2015-07-09
760,762,249,1,1,1,35.67637,139.7623,???,"09-07-2015, 9:33 ??",NULL,NULL,NULL,1436402000000,2015-07-09
763,765,222,1,1,3,35.15235,136.9435,?????,"09-07-2015, 9:50 ??",NULL,NULL,NULL,1436403000000,2015-07-09
764,766,261,1,1,1,34.65375,135.5386,???,"09-07-2015, 9:51 ??",NULL,NULL,NULL,1436403000000,2015-07-09
765,767,263,1,1,1,38.24005,140.892,???,"09-07-2015, 11:38 ??",NULL,NULL,NULL,1436410000000,2015-07-09
766,768,244,1,1,1,35.62948,139.7434,???,"09-07-2015, 12:06 ??",NULL,NULL,NULL,1436411000000,2015-07-09
767,769,223,1,1,1,36.02532,139.5955,???,"09-07-2015, 12:07 ??",NULL,NULL,NULL,1436411000000,2015-07-09
768,770,219,1,1,1,35.72806,139.7121,Feeling HAPPY,"09-07-2015, 12:12 PM",NULL,NULL,NULL,1436412000000,2015-07-09
769,771,251,1,1,1,35.65833,139.7078,???,"09-07-2015, 12:15 ??",NULL,NULL,NULL,1436412000000,2015-07-09
770,772,232,1,1,1,33.20531,130.3734,???,"09-07-2015, 12:18 ??",NULL,NULL,NULL,1436412000000,2015-07-09
772,774,166,1,1,1,36.64997,139.058,???,"09-07-2015, 12:27 PM",NULL,NULL,NULL,1436412000000,2015-07-09
773,775,265,1,2,2,36.09397,139.6669,????,"09-07-2015, 12:31 ??",NULL,NULL,NULL,1436413000000,2015-07-09
774,776,266,1,2,2,35.69732,139.8264,????,"09-07-2015, 12:33 ??",NULL,NULL,NULL,1436413000000,2015-07-09
775,777,256,1,3,1,35.69736,139.8265,???,"09-07-2015, 12:34 ??",NULL,NULL,NULL,1436413000000,2015-07-09
776,778,219,1,2,2,35.72722,139.7103,Feeling OKAY,"09-07-2015, 12:39 PM",NULL,NULL,NULL,1436413000000,2015-07-09
777,779,230,1,1,1,35.68634,139.7999,???,"09-07-2015, 12:40 PM",NULL,NULL,NULL,1436413000000,2015-07-09
778,780,228,1,2,2,35.71492,139.7181,????,"09-07-2015, 12:45 ??",NULL,NULL,NULL,1436414000000,2015-07-09
779,781,228,1,2,2,35.71492,139.7181,????,"09-07-2015, 12:45 ??",NULL,NULL,NULL,1436414000000,2015-07-09
780,782,252,1,3,1,39.78432,141.1283,???,"09-07-2015, 1:05 ??",NULL,NULL,NULL,1436415000000,2015-07-09
781,783,228,1,2,2,35.55241,139.4484,????,"09-07-2015, 1:03 ??",NULL,NULL,NULL,1436415000000,2015-07-09
782,784,228,1,2,2,35.1531,139.0049,????,"09-07-2015, 1:07 ??",NULL,NULL,NULL,1436415000000,2015-07-09
783,785,228,1,3,3,34.44661,137.7525,?????,"09-07-2015, 1:13 ??",NULL,NULL,NULL,1436415000000,2015-07-09
784,786,228,1,3,3,34.44661,137.7525,?????,"09-07-2015, 1:13 ??",NULL,NULL,NULL,1436415000000,2015-07-09
785,787,228,1,3,3,34.44661,137.7525,?????,"09-07-2015, 1:13 ??",NULL,NULL,NULL,1436415000000,2015-07-09
786,788,228,1,3,3,34.44661,137.7525,?????,"09-07-2015, 1:13 ??",NULL,NULL,NULL,1436415000000,2015-07-09
787,789,228,1,3,3,34.44661,137.7525,?????,"09-07-2015, 1:13 ??",NULL,NULL,NULL,1436415000000,2015-07-09
788,790,228,1,3,3,34.44661,137.7525,?????,"09-07-2015, 1:13 ??",NULL,NULL,NULL,1436415000000,2015-07-09
789,791,228,1,3,3,34.44661,137.7525,?????,"09-07-2015, 1:13 ??",NULL,NULL,NULL,1436415000000,2015-07-09
790,792,228,1,3,3,34.44661,137.7525,?????,"09-07-2015, 1:13 ??",NULL,NULL,NULL,1436415000000,2015-07-09
791,793,166,1,1,1,36.65757,139.0757,???,"09-07-2015, 1:32 PM",NULL,NULL,NULL,1436416000000,2015-07-09
792,794,244,1,2,2,35.62894,139.7444,????,"09-07-2015, 1:44 ??",NULL,NULL,NULL,1436417000000,2015-07-09
793,795,222,1,2,2,35.15199,136.9447,????,"09-07-2015, 1:57 ??",NULL,NULL,NULL,1436418000000,2015-07-09
794,796,230,1,1,1,35.68394,139.7986,???,"09-07-2015, 2:07 PM",NULL,NULL,NULL,1436418000000,2015-07-09
795,797,226,1,2,2,35.64852,139.7524,????,"09-07-2015, 2:20 ??",NULL,NULL,NULL,1436419000000,2015-07-09
797,799,249,1,2,2,35.67742,139.7627,????,"09-07-2015, 2:23 ??",NULL,NULL,NULL,1436419000000,2015-07-09
798,800,249,1,2,2,35.67889,139.763,????,"09-07-2015, 2:26 ??",NULL,NULL,NULL,1436420000000,2015-07-09
799,801,241,1,3,3,35.8001,139.9119,?????,"09-07-2015, 2:30 ??",NULL,NULL,NULL,1436420000000,2015-07-09
801,803,113,1,1,2,34.56477,132.8458,????,"09-07-2015, 2:38 ??",NULL,NULL,NULL,1436420000000,2015-07-09
804,806,263,1,2,2,38.24402,140.901,????,"09-07-2015, 3:41 ??",NULL,NULL,NULL,1436424000000,2015-07-09
805,807,265,1,3,3,35.9852,139.835,?????,"09-07-2015, 3:50 ??",NULL,NULL,NULL,1436425000000,2015-07-09
806,808,263,1,2,1,38.25199,140.9206,???,"09-07-2015, 4:03 ??",NULL,NULL,NULL,1436425000000,2015-07-09
809,811,219,1,2,2,35.76797,139.7892,Feeling OKAY,"09-07-2015, 4:33 PM",NULL,NULL,NULL,1436427000000,2015-07-09
810,812,266,1,1,1,35.72982,139.7128,???,"09-07-2015, 4:34 ??",NULL,NULL,NULL,1436427000000,2015-07-09
811,813,234,1,2,2,33.98037,133.5513,????,"09-07-2015, 4:34 ??",NULL,NULL,NULL,1436427000000,2015-07-09
812,814,219,1,2,2,35.76769,139.7903,Feeling OKAY,"09-07-2015, 4:37 PM",NULL,NULL,NULL,1436427000000,2015-07-09
813,815,256,1,2,2,35.73038,139.7114,????,"09-07-2015, 4:37 ??",NULL,NULL,NULL,1436427000000,2015-07-09
814,816,219,1,2,2,35.76696,139.7892,Feeling OKAY,"09-07-2015, 4:39 PM",NULL,NULL,NULL,1436428000000,2015-07-09
815,817,263,1,1,1,38.25524,140.918,???,"09-07-2015, 4:42 ??",NULL,NULL,NULL,1436428000000,2015-07-09
816,818,269,1,3,3,34.45642,135.3798,?????,"09-07-2015, 4:46 ??",NULL,NULL,NULL,1436428000000,2015-07-09
817,819,234,1,2,2,33.97834,133.5412,????,"09-07-2015, 4:47 ??",NULL,NULL,NULL,1436428000000,2015-07-09
819,821,270,1,3,1,34.80336,137.3459,???,"09-07-2015, 5:18 ??",NULL,NULL,NULL,1436430000000,2015-07-09
821,823,243,1,2,2,26.23863,127.7349,????,"09-07-2015, 5:29 ??",NULL,NULL,NULL,1436431000000,2015-07-09
822,824,232,1,3,1,33.34191,130.4377,???,"09-07-2015, 5:39 ??",NULL,NULL,NULL,1436431000000,2015-07-09
823,825,232,1,1,1,33.34319,130.4418,???,"09-07-2015, 5:40 ??",NULL,NULL,NULL,1436431000000,2015-07-09
824,826,239,1,3,3,35.69832,139.75,?????,"09-07-2015, 5:44 ??",NULL,NULL,NULL,1436431000000,2015-07-09
825,827,251,1,1,1,35.64594,139.701,???,"09-07-2015, 5:45 ??",NULL,NULL,NULL,1436432000000,2015-07-09
826,828,265,1,2,2,36.09564,139.6721,????,"09-07-2015, 5:48 ??",NULL,NULL,NULL,1436432000000,2015-07-09
827,829,228,1,1,1,33.89886,130.8644,???,"09-07-2015, 5:48 ??",NULL,NULL,NULL,1436432000000,2015-07-09
828,830,228,1,2,2,34.00679,130.9728,????,"09-07-2015, 5:49 ??",NULL,NULL,NULL,1436432000000,2015-07-09
829,831,228,1,2,2,34.01383,131.2024,????,"09-07-2015, 5:50 ??",NULL,NULL,NULL,1436432000000,2015-07-09
830,832,228,1,3,3,34.088,131.399,?????,"09-07-2015, 5:51 ??",NULL,NULL,NULL,1436432000000,2015-07-09
831,833,228,1,3,3,34.09923,131.4521,?????,"09-07-2015, 5:52 ??",NULL,NULL,NULL,1436432000000,2015-07-09
832,834,228,1,3,3,34.08807,131.4902,?????,"09-07-2015, 5:52 ??",NULL,NULL,NULL,1436432000000,2015-07-09
833,835,228,1,2,2,34.056,131.5138,????,"09-07-2015, 5:53 ??",NULL,NULL,NULL,1436432000000,2015-07-09
834,836,228,1,1,1,34.0565,131.5614,???,"09-07-2015, 5:53 ??",NULL,NULL,NULL,1436432000000,2015-07-09
835,837,251,1,3,1,35.69688,139.7076,???,"09-07-2015, 5:58 ??",NULL,NULL,NULL,1436432000000,2015-07-09
836,838,228,1,1,1,34.38841,132.4595,???,"09-07-2015, 6:00 ??",NULL,NULL,NULL,1436432000000,2015-07-09
837,839,241,1,3,1,35.77017,139.8435,???,"09-07-2015, 6:09 ??",NULL,NULL,NULL,1436433000000,2015-07-09
838,840,222,1,2,2,35.14945,136.9373,????,"09-07-2015, 6:10 ??",NULL,NULL,NULL,1436433000000,2015-07-09
839,841,244,1,2,2,35.6072,139.7349,????,"09-07-2015, 6:28 ??",NULL,NULL,NULL,1436434000000,2015-07-09
840,842,249,1,2,2,35.71538,139.7842,????,"09-07-2015, 6:33 ??",NULL,NULL,NULL,1436434000000,2015-07-09
841,843,249,1,2,3,35.71625,139.7836,?????,"09-07-2015, 6:42 ??",NULL,NULL,NULL,1436435000000,2015-07-09
842,844,265,1,2,2,35.98469,139.8365,????,"09-07-2015, 6:45 ??",NULL,NULL,NULL,1436435000000,2015-07-09
847,849,261,1,1,1,34.6694,135.4761,???,"09-07-2015, 7:48 ??",NULL,NULL,NULL,1436439000000,2015-07-09
848,850,226,1,2,2,35.68415,139.8454,????,"09-07-2015, 7:53 ??",NULL,NULL,NULL,1436439000000,2015-07-09
849,851,273,1,1,1,35.58235,140.1309,???,"09-07-2015, 7:53 ??",NULL,NULL,NULL,1436439000000,2015-07-09
850,852,273,1,1,1,35.56438,140.1343,???,"09-07-2015, 7:56 ??",NULL,NULL,NULL,1436439000000,2015-07-09
851,853,273,1,1,1,35.55218,140.1323,???,"09-07-2015, 7:56 ??",NULL,NULL,NULL,1436439000000,2015-07-09
852,854,273,1,1,1,35.55131,140.1313,???,"09-07-2015, 7:57 ??",NULL,NULL,NULL,1436439000000,2015-07-09
853,855,223,1,3,3,36.05451,139.5379,?????,"09-07-2015, 8:04 ??",NULL,NULL,NULL,1436440000000,2015-07-09
854,856,274,1,1,1,35.50363,139.417,???,"09-07-2015, 8:26 ??",NULL,NULL,NULL,1436441000000,2015-07-09
855,857,219,1,3,3,35.76796,139.7892,Feeling SAD,"09-07-2015, 8:58 PM",NULL,NULL,NULL,1436443000000,2015-07-09
857,859,269,1,3,1,34.45738,135.3793,???,"09-07-2015, 9:08 ??",NULL,NULL,NULL,1436444000000,2015-07-09
858,860,219,1,2,2,35.76831,139.7903,Feeling OKAY,"09-07-2015, 9:17 PM",NULL,NULL,NULL,1436444000000,2015-07-09
859,861,219,1,2,2,35.76882,139.7913,Feeling OKAY,"09-07-2015, 9:19 PM",NULL,NULL,NULL,1436444000000,2015-07-09
860,862,261,1,1,1,34.66809,135.4796,???,"09-07-2015, 9:44 ??",NULL,NULL,NULL,1436446000000,2015-07-09
861,863,277,1,2,3,35.70195,139.5975,?????,"09-07-2015, 9:45 ??",NULL,NULL,NULL,1436446000000,2015-07-09
862,864,278,1,3,3,36.34936,140.4868,?????,"09-07-2015, 9:47 ??",NULL,NULL,NULL,1436446000000,2015-07-09
863,865,261,1,1,1,34.65017,135.5004,???,"09-07-2015, 9:54 ??",NULL,NULL,NULL,1436446000000,2015-07-09
864,866,241,1,2,1,35.68604,139.7647,???,"09-07-2015, 9:55 ??",NULL,NULL,NULL,1436447000000,2015-07-09
865,867,228,1,3,3,34.44958,133.3659,?????,"09-07-2015, 10:13 ??",NULL,NULL,NULL,1436448000000,2015-07-09
866,868,228,1,2,2,34.72995,135.1594,????,"09-07-2015, 10:14 ??",NULL,NULL,NULL,1436448000000,2015-07-09
867,869,228,1,2,2,34.72995,135.1594,????,"09-07-2015, 10:14 ??",NULL,NULL,NULL,1436448000000,2015-07-09
868,870,239,1,2,2,35.66195,139.7923,????,"09-07-2015, 10:14 ??",NULL,NULL,NULL,1436448000000,2015-07-09
869,871,228,1,1,1,34.673,135.4916,???,"09-07-2015, 10:15 ??",NULL,NULL,NULL,1436448000000,2015-07-09
870,872,228,1,1,1,34.673,135.4916,???,"09-07-2015, 10:15 ??",NULL,NULL,NULL,1436448000000,2015-07-09
871,873,228,1,1,1,34.673,135.4916,???,"09-07-2015, 10:15 ??",NULL,NULL,NULL,1436448000000,2015-07-09
872,874,228,1,1,1,34.673,135.4916,???,"09-07-2015, 10:15 ??",NULL,NULL,NULL,1436448000000,2015-07-09
873,875,228,1,1,1,34.673,135.4916,???,"09-07-2015, 10:15 ??",NULL,NULL,NULL,1436448000000,2015-07-09
874,876,228,1,1,1,34.673,135.4916,???,"09-07-2015, 10:15 ??",NULL,NULL,NULL,1436448000000,2015-07-09
875,877,228,1,1,1,34.673,135.4916,???,"09-07-2015, 10:15 ??",NULL,NULL,NULL,1436448000000,2015-07-09
876,878,228,1,1,1,34.673,135.4916,???,"09-07-2015, 10:15 ??",NULL,NULL,NULL,1436448000000,2015-07-09
877,879,244,1,2,2,35.57641,139.5938,????,"09-07-2015, 10:15 ??",NULL,NULL,NULL,1436448000000,2015-07-09
878,880,228,1,2,2,34.69537,135.5502,????,"09-07-2015, 10:17 ??",NULL,NULL,NULL,1436448000000,2015-07-09
879,881,251,1,2,1,35.90507,139.464,???,"09-07-2015, 10:19 ??",NULL,NULL,NULL,1436448000000,2015-07-09
880,882,241,1,2,2,35.75457,139.8068,????,"09-07-2015, 10:18 ??",NULL,NULL,NULL,1436448000000,2015-07-09
881,883,279,1,1,1,35.85084,139.8684,???,"09-07-2015, 10:22 ??",NULL,NULL,NULL,1436448000000,2015-07-09
882,884,244,1,2,2,35.57551,139.5947,????,"09-07-2015, 10:39 ??",NULL,NULL,NULL,1436449000000,2015-07-09
883,885,244,1,2,2,35.57527,139.5961,????,"09-07-2015, 10:41 ??",NULL,NULL,NULL,1436449000000,2015-07-09
884,886,222,1,2,3,35.15234,136.9435,?????,"09-07-2015, 10:42 ??",NULL,NULL,NULL,1436449000000,2015-07-09
885,887,230,1,2,2,35.96871,139.7674,????,"09-07-2015, 10:43 PM",NULL,NULL,NULL,1436449000000,2015-07-09
886,888,244,1,1,3,35.57549,139.5937,?????,"09-07-2015, 10:45 ??",NULL,NULL,NULL,1436450000000,2015-07-09
889,891,252,1,2,2,39.77201,141.1369,????,"09-07-2015, 11:46 ??",NULL,NULL,NULL,1436453000000,2015-07-09
890,892,281,1,1,1,35.50334,139.6625,???,"09-07-2015, 11:45 PM",NULL,NULL,NULL,1436453000000,2015-07-09
891,893,255,1,1,1,35.74362,139.5839,???,"09-07-2015, 11:54 ??",NULL,NULL,NULL,1436454000000,2015-07-09
892,894,255,1,1,1,35.74722,139.5926,???,"09-07-2015, 11:54 ??",NULL,NULL,NULL,1436454000000,2015-07-09
893,895,219,1,2,2,35.76795,139.7892,Feeling OKAY,"10-07-2015, 1:20 AM",NULL,NULL,NULL,1436459000000,2015-07-09
894,896,269,1,2,1,34.45784,135.3788,???,"10-07-2015, 1:22 ??",NULL,NULL,NULL,1436459000000,2015-07-09
895,897,269,1,3,1,34.45691,135.3798,???,"10-07-2015, 1:25 ??",NULL,NULL,NULL,1436459000000,2015-07-09
896,898,241,1,2,2,35.79637,139.9155,????,"10-07-2015, 2:18 ??",NULL,NULL,NULL,1436462000000,2015-07-09
897,899,249,1,1,1,35.71542,139.7842,???,"10-07-2015, 4:51 ??",NULL,NULL,NULL,1436471000000,2015-07-09
898,900,226,1,1,2,35.68775,139.8454,????,"10-07-2015, 5:38 ??",NULL,NULL,NULL,1436474000000,2015-07-09
899,901,226,1,1,2,35.68866,139.8453,????,"10-07-2015, 5:39 ??",NULL,NULL,NULL,1436474000000,2015-07-09
900,902,274,1,2,2,35.49925,139.4086,????,"10-07-2015, 6:13 ??",NULL,NULL,NULL,1436476000000,2015-07-09
901,903,232,1,2,2,33.4022,130.5286,????,"10-07-2015, 6:30 ??",NULL,NULL,NULL,1436477000000,2015-07-09
902,904,274,1,1,1,35.51077,139.4188,???,"10-07-2015, 6:32 ??",NULL,NULL,NULL,1436478000000,2015-07-09
903,905,274,1,1,1,35.51542,139.4225,???,"10-07-2015, 6:33 ??",NULL,NULL,NULL,1436478000000,2015-07-09
904,906,255,1,1,2,35.79657,139.438,????,"10-07-2015, 6:51 ??",NULL,NULL,NULL,1436479000000,2015-07-09
905,907,269,1,1,1,34.45557,135.3804,???,"10-07-2015, 6:52 ??",NULL,NULL,NULL,1436479000000,2015-07-09
906,908,266,1,1,1,35.45191,139.3914,???,"10-07-2015, 6:54 ??",NULL,NULL,NULL,1436479000000,2015-07-09
907,909,256,1,2,2,35.45494,139.3939,????,"10-07-2015, 6:56 ??",NULL,NULL,NULL,1436479000000,2015-07-09
908,910,251,1,2,2,35.91325,139.4779,????,"10-07-2015, 7:10 ??",NULL,NULL,NULL,1436480000000,2015-07-09
909,911,269,1,3,1,34.45592,135.3816,???,"10-07-2015, 7:14 ??",NULL,NULL,NULL,1436480000000,2015-07-09
910,912,255,1,2,2,35.78772,139.4736,????,"10-07-2015, 7:44 ??",NULL,NULL,NULL,1436482000000,2015-07-09
911,913,244,1,2,2,35.60029,139.6111,????,"10-07-2015, 7:51 ??",NULL,NULL,NULL,1436482000000,2015-07-09
912,914,273,1,1,1,35.66166,140.0214,???,"10-07-2015, 7:55 ??",NULL,NULL,NULL,1436483000000,2015-07-09
913,915,279,1,1,1,35.87515,139.7899,???,"10-07-2015, 8:03 ??",NULL,NULL,NULL,1436483000000,2015-07-09
914,916,228,1,2,2,35.66304,139.6829,????,"10-07-2015, 8:33 ??",NULL,NULL,NULL,1436485000000,2015-07-09
915,917,228,1,1,1,35.6995,139.6828,???,"10-07-2015, 8:35 ??",NULL,NULL,NULL,1436485000000,2015-07-09
916,918,228,1,1,1,35.6995,139.6828,???,"10-07-2015, 8:35 ??",NULL,NULL,NULL,1436485000000,2015-07-09
917,919,277,1,2,3,35.69779,139.5995,?????,"10-07-2015, 8:46 ??",NULL,NULL,NULL,1436486000000,2015-07-09
918,920,249,1,2,2,35.67539,139.7636,????,"10-07-2015, 8:56 ??",NULL,NULL,NULL,1436486000000,2015-07-09
919,921,228,1,2,2,35.71135,139.6924,????,"10-07-2015, 8:56 ??",NULL,NULL,NULL,1436486000000,2015-07-09
920,922,285,1,2,2,43.03137,141.4371,????,"10-07-2015, 9:04 ??",NULL,NULL,NULL,1436487000000,2015-07-10
921,923,279,1,1,1,35.68488,139.783,???,"10-07-2015, 9:05 ??",NULL,NULL,NULL,1436487000000,2015-07-10
922,924,219,1,1,1,35.75155,139.8058,Feeling HAPPY,"10-07-2015, 9:07 AM",NULL,NULL,NULL,1436487000000,2015-07-10
923,925,230,1,1,1,35.68624,139.8001,???,"10-07-2015, 9:50 AM",NULL,NULL,NULL,1436489000000,2015-07-10
925,927,263,1,1,1,38.25071,140.9279,???,"10-07-2015, 10:30 ??",NULL,NULL,NULL,1436492000000,2015-07-10
926,928,263,1,1,2,38.25182,140.9418,????,"10-07-2015, 10:34 ??",NULL,NULL,NULL,1436492000000,2015-07-10
927,929,243,1,2,2,26.21976,127.7148,????,"10-07-2015, 10:37 ??",NULL,NULL,NULL,1436492000000,2015-07-10
928,930,252,1,2,2,39.77216,141.1384,????,"10-07-2015, 11:08 ??",NULL,NULL,NULL,1436494000000,2015-07-10
929,931,222,1,2,2,35.16093,136.9242,????,"10-07-2015, 11:12 ??",NULL,NULL,NULL,1436494000000,2015-07-10
930,932,266,1,1,1,35.69462,139.8238,???,"10-07-2015, 11:14 ??",NULL,NULL,NULL,1436494000000,2015-07-10
931,933,256,1,1,1,35.69465,139.824,???,"10-07-2015, 11:14 ??",NULL,NULL,NULL,1436494000000,2015-07-10
932,934,261,1,1,1,34.62393,135.5585,???,"10-07-2015, 11:23 ??",NULL,NULL,NULL,1436495000000,2015-07-10
933,935,274,1,1,1,35.6568,139.7807,???,"10-07-2015, 11:35 ??",NULL,NULL,NULL,1436496000000,2015-07-10
934,936,274,1,3,3,35.65726,139.7817,?????,"10-07-2015, 11:38 ??",NULL,NULL,NULL,1436496000000,2015-07-10
935,937,244,1,2,2,35.62859,139.7414,????,"10-07-2015, 11:53 ??",NULL,NULL,NULL,1436497000000,2015-07-10
936,938,244,1,2,2,35.63063,139.7417,????,"10-07-2015, 11:53 ??",NULL,NULL,NULL,1436497000000,2015-07-10
937,939,244,1,2,2,35.629,139.7415,????,"10-07-2015, 11:57 ??",NULL,NULL,NULL,1436497000000,2015-07-10
938,940,251,1,1,1,35.65822,139.7075,???,"10-07-2015, 12:01 ??",NULL,NULL,NULL,1436497000000,2015-07-10
939,941,252,1,2,2,39.77442,141.1469,????,"10-07-2015, 12:21 ??",NULL,NULL,NULL,1436499000000,2015-07-10
940,942,278,1,3,3,36.32769,140.4652,?????,"10-07-2015, 12:04 ??",NULL,NULL,NULL,1436497000000,2015-07-10
941,943,269,1,3,1,34.45631,135.3809,???,"10-07-2015, 12:07 ??",NULL,NULL,NULL,1436498000000,2015-07-10
942,944,223,1,1,1,36.02537,139.5956,???,"10-07-2015, 12:25 ??",NULL,NULL,NULL,1436499000000,2015-07-10
943,945,248,1,1,1,43.03591,141.4228,???,"10-07-2015, 12:34 ??",NULL,NULL,NULL,1436499000000,2015-07-10
944,946,222,1,2,2,35.15524,136.918,????,"10-07-2015, 12:44 ??",NULL,NULL,NULL,1436500000000,2015-07-10
945,947,219,1,2,2,35.72835,139.7121,Feeling OKAY,"10-07-2015, 1:08 PM",NULL,NULL,NULL,1436501000000,2015-07-10
946,948,228,1,1,1,35.71496,139.704,???,"10-07-2015, 1:08 ??",NULL,NULL,NULL,1436501000000,2015-07-10
947,949,232,1,2,2,33.2053,130.3734,????,"10-07-2015, 1:11 ??",NULL,NULL,NULL,1436501000000,2015-07-10
948,950,228,1,1,1,35.72593,139.722,???,"10-07-2015, 1:12 ??",NULL,NULL,NULL,1436502000000,2015-07-10
949,951,249,1,1,3,35.6743,139.7641,?????,"10-07-2015, 1:13 ??",NULL,NULL,NULL,1436502000000,2015-07-10
950,952,228,1,1,1,35.73225,139.7237,???,"10-07-2015, 1:15 ??",NULL,NULL,NULL,1436502000000,2015-07-10
951,953,228,1,2,2,35.73578,139.7295,????,"10-07-2015, 1:24 ??",NULL,NULL,NULL,1436502000000,2015-07-10
953,955,228,1,1,1,35.73232,139.7351,???,"10-07-2015, 1:31 ??",NULL,NULL,NULL,1436503000000,2015-07-10
954,956,228,1,1,1,35.72711,139.7382,???,"10-07-2015, 1:32 ??",NULL,NULL,NULL,1436503000000,2015-07-10
955,957,228,1,2,2,35.7289,139.746,????,"10-07-2015, 1:32 ??",NULL,NULL,NULL,1436503000000,2015-07-10
956,958,228,1,2,2,35.73716,139.7632,????,"10-07-2015, 1:35 ??",NULL,NULL,NULL,1436503000000,2015-07-10
957,959,228,1,3,3,35.73344,139.7722,?????,"10-07-2015, 1:35 ??",NULL,NULL,NULL,1436503000000,2015-07-10
961,963,219,1,2,2,35.72897,139.7112,Feeling OKAY,"10-07-2015, 2:21 PM",NULL,NULL,NULL,1436506000000,2015-07-10
962,964,219,1,2,2,35.72986,139.711,Feeling OKAY,"10-07-2015, 2:23 PM",NULL,NULL,NULL,1436506000000,2015-07-10
963,965,219,1,1,1,35.72851,139.7116,Feeling HAPPY,"10-07-2015, 2:26 PM",NULL,NULL,NULL,1436506000000,2015-07-10
964,966,230,1,2,2,35.6849,139.8162,????,"10-07-2015, 2:30 PM",NULL,NULL,NULL,1436506000000,2015-07-10
965,967,234,1,2,2,33.98534,133.549,????,"10-07-2015, 2:34 ??",NULL,NULL,NULL,1436506000000,2015-07-10
966,968,263,1,1,2,38.2406,140.8834,????,"10-07-2015, 2:55 ??",NULL,NULL,NULL,1436508000000,2015-07-10
967,969,263,1,1,1,38.24353,140.8753,???,"10-07-2015, 2:57 ??",NULL,NULL,NULL,1436508000000,2015-07-10
968,970,263,1,1,2,38.26432,140.8634,????,"10-07-2015, 3:16 ??",NULL,NULL,NULL,1436509000000,2015-07-10
969,971,277,1,3,3,35.69612,139.5956,?????,"10-07-2015, 3:25 ??",NULL,NULL,NULL,1436510000000,2015-07-10
970,972,266,1,2,2,35.6854,139.6991,????,"10-07-2015, 3:41 ??",NULL,NULL,NULL,1436511000000,2015-07-10
971,973,261,1,1,1,34.63,135.555,???,"10-07-2015, 3:44 ??",NULL,NULL,NULL,1436511000000,2015-07-10
972,974,261,1,2,1,34.6301,135.5534,???,"10-07-2015, 3:44 ??",NULL,NULL,NULL,1436511000000,2015-07-10
973,975,256,1,2,2,35.68345,139.6986,????,"10-07-2015, 3:44 ??",NULL,NULL,NULL,1436511000000,2015-07-10
974,976,261,1,3,1,34.63009,135.5521,???,"10-07-2015, 3:45 ??",NULL,NULL,NULL,1436511000000,2015-07-10
975,977,295,1,1,1,35.45209,139.5265,???,"10-07-2015, 3:50 ??",NULL,NULL,NULL,1436511000000,2015-07-10
976,978,261,1,2,2,34.62499,135.5583,????,"10-07-2015, 4:10 ??",NULL,NULL,NULL,1436512000000,2015-07-10
977,979,261,1,3,1,34.62418,135.559,???,"10-07-2015, 4:11 ??",NULL,NULL,NULL,1436512000000,2015-07-10
978,980,285,1,1,3,43.03198,141.4393,?????,"10-07-2015, 4:25 ??",NULL,NULL,NULL,1436513000000,2015-07-10
979,981,285,1,1,1,43.03174,141.4405,???,"10-07-2015, 4:25 ??",NULL,NULL,NULL,1436513000000,2015-07-10
980,982,270,1,2,2,34.81593,137.3767,????,"10-07-2015, 4:40 ??",NULL,NULL,NULL,1436514000000,2015-07-10
981,983,222,1,1,2,35.15233,136.9435,????,"10-07-2015, 4:55 ??",NULL,NULL,NULL,1436515000000,2015-07-10
982,984,222,1,2,2,35.15163,136.9442,????,"10-07-2015, 5:15 ??",NULL,NULL,NULL,1436516000000,2015-07-10
983,985,244,1,1,2,35.62954,139.7435,????,"10-07-2015, 5:19 ??",NULL,NULL,NULL,1436516000000,2015-07-10
984,986,273,1,1,1,35.67602,139.7643,???,"10-07-2015, 5:20 ??",NULL,NULL,NULL,1436516000000,2015-07-10
985,987,261,1,2,2,34.62512,135.5573,????,"10-07-2015, 5:38 ??",NULL,NULL,NULL,1436518000000,2015-07-10
986,988,269,1,1,1,34.45688,135.3824,???,"10-07-2015, 5:41 ??",NULL,NULL,NULL,1436518000000,2015-07-10
987,989,251,1,2,1,35.66905,139.7058,???,"10-07-2015, 5:42 ??",NULL,NULL,NULL,1436518000000,2015-07-10
988,990,244,1,2,2,35.63018,139.742,????,"10-07-2015, 5:45 ??",NULL,NULL,NULL,1436518000000,2015-07-10
989,991,269,1,3,1,34.45756,135.3817,???,"10-07-2015, 5:47 ??",NULL,NULL,NULL,1436518000000,2015-07-10
990,992,269,1,3,1,34.45716,135.3801,???,"10-07-2015, 5:50 ??",NULL,NULL,NULL,1436518000000,2015-07-10
991,993,239,1,2,2,35.64984,139.7914,????,"10-07-2015, 6:06 ??",NULL,NULL,NULL,1436519000000,2015-07-10
992,994,228,1,1,1,35.72953,139.7618,???,"10-07-2015, 6:08 ??",NULL,NULL,NULL,1436519000000,2015-07-10
993,995,228,1,2,2,35.72731,139.7717,????,"10-07-2015, 6:11 ??",NULL,NULL,NULL,1436519000000,2015-07-10
994,996,249,1,3,1,35.71354,139.7763,???,"10-07-2015, 6:16 ??",NULL,NULL,NULL,1436520000000,2015-07-10
996,998,228,1,2,2,35.72151,139.7539,????,"10-07-2015, 6:43 ??",NULL,NULL,NULL,1436521000000,2015-07-10
997,999,274,1,2,2,35.6869,139.7003,????,"10-07-2015, 6:53 ??",NULL,NULL,NULL,1436522000000,2015-07-10
998,1000,274,1,2,2,35.6885,139.699,????,"10-07-2015, 6:53 ??",NULL,NULL,NULL,1436522000000,2015-07-10
999,1001,230,1,2,2,35.69699,139.8145,????,"10-07-2015, 7:20 PM",NULL,NULL,NULL,1436524000000,2015-07-10
1000,1002,279,1,2,2,35.85865,139.8684,????,"10-07-2015, 7:22 ??",NULL,NULL,NULL,1436524000000,2015-07-10
1001,1003,279,1,1,1,35.85681,139.8674,???,"10-07-2015, 7:23 ??",NULL,NULL,NULL,1436524000000,2015-07-10
1002,1004,279,1,2,2,35.85608,139.8689,????,"10-07-2015, 7:24 ??",NULL,NULL,NULL,1436524000000,2015-07-10
1004,1006,261,1,1,1,34.63972,135.5256,???,"10-07-2015, 7:49 ??",NULL,NULL,NULL,1436525000000,2015-07-10
1005,1007,226,1,2,2,35.68416,139.8454,????,"10-07-2015, 8:11 ??",NULL,NULL,NULL,1436527000000,2015-07-10
1007,1009,277,1,3,3,35.70251,139.6013,?????,"10-07-2015, 9:01 ??",NULL,NULL,NULL,1436530000000,2015-07-10
1008,1010,273,1,2,2,35.5837,140.1302,????,"10-07-2015, 9:21 ??",NULL,NULL,NULL,1436531000000,2015-07-10
1010,1012,219,1,2,2,35.75167,139.805,Feeling OKAY,"10-07-2015, 9:34 PM",NULL,NULL,NULL,1436532000000,2015-07-10
1011,1013,234,1,3,3,33.97408,133.5481,?????,"10-07-2015, 9:59 ??",NULL,NULL,NULL,1436533000000,2015-07-10
1012,1014,244,1,1,2,35.57646,139.5938,????,"10-07-2015, 10:03 ??",NULL,NULL,NULL,1436533000000,2015-07-10
1013,1015,222,1,2,2,35.15233,136.9435,????,"10-07-2015, 10:07 ??",NULL,NULL,NULL,1436534000000,2015-07-10
1014,1016,269,1,1,1,34.45522,135.3825,???,"10-07-2015, 10:17 ??",NULL,NULL,NULL,1436534000000,2015-07-10
1015,1017,269,1,2,2,34.45699,135.3827,????,"10-07-2015, 10:23 ??",NULL,NULL,NULL,1436535000000,2015-07-10
1016,1018,269,1,2,2,34.45699,135.3827,????,"10-07-2015, 10:23 ??",NULL,NULL,NULL,1436535000000,2015-07-10
1017,1019,239,1,3,3,35.66196,139.7923,?????,"10-07-2015, 10:46 ??",NULL,NULL,NULL,1436536000000,2015-07-10
1018,1020,244,1,2,2,35.5759,139.5926,????,"10-07-2015, 10:49 ??",NULL,NULL,NULL,1436536000000,2015-07-10
1019,1021,255,1,3,2,35.72966,139.7109,????,"10-07-2015, 10:59 ??",NULL,NULL,NULL,1436537000000,2015-07-10
1020,1022,228,1,2,2,35.73211,139.7737,????,"10-07-2015, 10:54 ??",NULL,NULL,NULL,1436536000000,2015-07-10
1021,1023,228,1,2,2,35.73211,139.7737,????,"10-07-2015, 10:54 ??",NULL,NULL,NULL,1436536000000,2015-07-10
1022,1024,228,1,2,2,35.73211,139.7737,????,"10-07-2015, 10:54 ??",NULL,NULL,NULL,1436536000000,2015-07-10
1023,1025,261,1,1,1,34.62392,135.5586,???,"10-07-2015, 11:12 ??",NULL,NULL,NULL,1436538000000,2015-07-10
1024,1026,251,1,3,1,35.90506,139.464,???,"10-07-2015, 11:16 ??",NULL,NULL,NULL,1436538000000,2015-07-10
1025,1027,304,1,1,1,35.72912,139.9076,???,"10-07-2015, 11:33 ??",NULL,NULL,NULL,1436539000000,2015-07-10
1026,1028,219,1,2,2,35.76793,139.7892,Feeling OKAY,"11-07-2015, 1:38 AM",NULL,NULL,NULL,1436546000000,2015-07-10
1028,1030,269,1,2,1,34.45558,135.3802,???,"11-07-2015, 2:28 ??",NULL,NULL,NULL,1436549000000,2015-07-10
1029,1031,249,1,1,1,35.71543,139.7842,???,"11-07-2015, 4:43 ??",NULL,NULL,NULL,1436557000000,2015-07-10
1030,1032,266,1,1,1,35.68941,139.7025,???,"11-07-2015, 4:57 ??",NULL,NULL,NULL,1436558000000,2015-07-10
1031,1033,243,1,2,2,26.25265,127.7565,????,"11-07-2015, 5:00 ??",NULL,NULL,NULL,1436558000000,2015-07-10
1032,1034,230,1,1,1,35.96851,139.7677,???,"11-07-2015, 5:51 AM",NULL,NULL,NULL,1436561000000,2015-07-10
1033,1035,232,1,1,1,33.24963,130.5012,???,"11-07-2015, 6:07 ??",NULL,NULL,NULL,1436562000000,2015-07-10
1034,1036,248,1,1,1,43.0812,141.4201,???,"11-07-2015, 7:32 ??",NULL,NULL,NULL,1436568000000,2015-07-10
1035,1037,248,1,1,1,43.08391,141.4183,???,"11-07-2015, 7:33 ??",NULL,NULL,NULL,1436568000000,2015-07-10
1036,1038,248,1,1,1,43.09016,141.4104,???,"11-07-2015, 7:36 ??",NULL,NULL,NULL,1436568000000,2015-07-10
1037,1039,226,1,1,3,35.68885,139.8358,?????,"11-07-2015, 8:07 ??",NULL,NULL,NULL,1436570000000,2015-07-10
1038,1040,228,1,1,1,35.71299,139.7797,???,"11-07-2015, 8:27 ??",NULL,NULL,NULL,1436571000000,2015-07-10
1039,1041,277,1,3,3,35.70196,139.6031,?????,"11-07-2015, 8:33 ??",NULL,NULL,NULL,1436571000000,2015-07-10
1040,1042,228,1,2,2,35.7216,139.7804,????,"11-07-2015, 8:34 ??",NULL,NULL,NULL,1436571000000,2015-07-10
1041,1043,228,1,2,2,35.7216,139.7804,????,"11-07-2015, 8:34 ??",NULL,NULL,NULL,1436571000000,2015-07-10
1042,1044,234,1,2,2,33.98072,133.5395,????,"11-07-2015, 8:45 ??",NULL,NULL,NULL,1436572000000,2015-07-10
1043,1045,270,1,1,1,34.80329,137.3459,???,"11-07-2015, 8:55 ??",NULL,NULL,NULL,1436573000000,2015-07-10
1044,1046,274,1,1,1,35.50373,139.417,???,"11-07-2015, 9:21 ??",NULL,NULL,NULL,1436574000000,2015-07-11
1045,1047,239,1,2,2,35.65757,139.7921,????,"11-07-2015, 9:32 ??",NULL,NULL,NULL,1436575000000,2015-07-11
1046,1048,261,1,1,1,34.62334,135.5595,???,"11-07-2015, 9:35 ??",NULL,NULL,NULL,1436575000000,2015-07-11
1047,1049,273,1,2,2,35.49884,140.0695,????,"11-07-2015, 9:36 ??",NULL,NULL,NULL,1436575000000,2015-07-11
1048,1050,278,1,2,2,36.3689,140.5016,????,"11-07-2015, 9:36 ??",NULL,NULL,NULL,1436575000000,2015-07-11
1049,1051,261,1,2,2,34.62392,135.5586,????,"11-07-2015, 9:38 ??",NULL,NULL,NULL,1436575000000,2015-07-11
1051,1053,251,1,2,1,35.90881,139.4804,???,"11-07-2015, 10:03 ??",NULL,NULL,NULL,1436577000000,2015-07-11
1052,1054,261,1,2,2,34.62914,135.5498,????,"11-07-2015, 10:20 ??",NULL,NULL,NULL,1436578000000,2015-07-11
1053,1055,261,1,1,1,34.63111,135.5468,???,"11-07-2015, 10:23 ??",NULL,NULL,NULL,1436578000000,2015-07-11
1054,1056,252,1,2,2,39.72493,141.1458,????,"11-07-2015, 10:41 ??",NULL,NULL,NULL,1436579000000,2015-07-11
1055,1057,261,1,2,2,34.63649,135.5401,????,"11-07-2015, 10:26 ??",NULL,NULL,NULL,1436578000000,2015-07-11
1056,1058,261,1,2,2,34.63804,135.5378,????,"11-07-2015, 10:27 ??",NULL,NULL,NULL,1436578000000,2015-07-11
1057,1059,261,1,1,1,34.63886,135.5387,???,"11-07-2015, 10:28 ??",NULL,NULL,NULL,1436578000000,2015-07-11
1058,1060,261,1,3,1,34.6393,135.5374,???,"11-07-2015, 10:29 ??",NULL,NULL,NULL,1436578000000,2015-07-11
1059,1061,261,1,1,1,34.63979,135.5357,???,"11-07-2015, 10:29 ??",NULL,NULL,NULL,1436578000000,2015-07-11
1060,1062,232,1,1,1,33.34513,130.5502,???,"11-07-2015, 10:31 ??",NULL,NULL,NULL,1436578000000,2015-07-11
1061,1063,252,1,1,1,39.72319,141.1464,???,"11-07-2015, 10:57 ??",NULL,NULL,NULL,1436580000000,2015-07-11
1062,1064,274,1,2,2,35.31812,139.4005,????,"11-07-2015, 11:00 ??",NULL,NULL,NULL,1436580000000,2015-07-11
1065,1067,281,1,3,1,35.65004,139.7577,???,"11-07-2015, 11:20 AM",NULL,NULL,NULL,1436581000000,2015-07-11
1066,1068,266,1,1,1,35.6904,139.7002,???,"11-07-2015, 11:17 ??",NULL,NULL,NULL,1436581000000,2015-07-11
1067,1069,256,1,2,2,35.6903,139.7002,????,"11-07-2015, 11:18 ??",NULL,NULL,NULL,1436581000000,2015-07-11
1068,1070,261,1,1,1,34.6368,135.5288,???,"11-07-2015, 11:35 ??",NULL,NULL,NULL,1436582000000,2015-07-11
1069,1071,261,1,1,1,34.6388,135.5299,???,"11-07-2015, 11:37 ??",NULL,NULL,NULL,1436582000000,2015-07-11
1070,1072,261,1,1,1,34.63987,135.5292,???,"11-07-2015, 11:37 ??",NULL,NULL,NULL,1436582000000,2015-07-11
1071,1073,261,1,1,1,34.64006,135.5321,???,"11-07-2015, 11:38 ??",NULL,NULL,NULL,1436582000000,2015-07-11
1072,1074,261,1,1,1,34.6395,135.5341,???,"11-07-2015, 11:38 ??",NULL,NULL,NULL,1436582000000,2015-07-11
1073,1075,261,1,2,2,34.63881,135.5358,????,"11-07-2015, 11:39 ??",NULL,NULL,NULL,1436582000000,2015-07-11
1074,1076,295,1,1,2,35.42969,139.4944,????,"11-07-2015, 11:43 ??",NULL,NULL,NULL,1436583000000,2015-07-11
1075,1077,230,1,3,3,35.96799,139.7421,?????,"11-07-2015, 11:43 AM",NULL,NULL,NULL,1436583000000,2015-07-11
1076,1078,269,1,2,1,34.45597,135.3816,???,"11-07-2015, 11:46 ??",NULL,NULL,NULL,1436583000000,2015-07-11
1077,1079,281,1,2,2,35.49315,139.6697,????,"11-07-2015, 12:07 PM",NULL,NULL,NULL,1436584000000,2015-07-11
1078,1080,281,1,2,2,35.49044,139.6617,????,"11-07-2015, 12:09 PM",NULL,NULL,NULL,1436584000000,2015-07-11
1079,1081,304,1,1,1,35.72972,139.9086,???,"11-07-2015, 12:08 ??",NULL,NULL,NULL,1436584000000,2015-07-11
1080,1082,281,1,2,2,35.49283,139.6626,????,"11-07-2015, 12:12 PM",NULL,NULL,NULL,1436584000000,2015-07-11
1081,1083,281,1,1,1,35.49592,139.6656,???,"11-07-2015, 12:13 PM",NULL,NULL,NULL,1436584000000,2015-07-11
1082,1084,281,1,2,2,35.49766,139.6656,????,"11-07-2015, 12:14 PM",NULL,NULL,NULL,1436584000000,2015-07-11
1083,1085,281,1,1,1,35.49971,139.6654,???,"11-07-2015, 12:15 PM",NULL,NULL,NULL,1436585000000,2015-07-11
1084,1086,263,1,1,1,38.24313,140.8889,???,"11-07-2015, 12:16 ??",NULL,NULL,NULL,1436585000000,2015-07-11
1085,1087,263,1,2,2,38.23719,140.8899,????,"11-07-2015, 12:18 ??",NULL,NULL,NULL,1436585000000,2015-07-11
1086,1088,273,1,1,1,35.50241,140.0892,???,"11-07-2015, 12:17 ??",NULL,NULL,NULL,1436585000000,2015-07-11
1087,1089,273,1,1,1,35.50126,140.0904,???,"11-07-2015, 12:17 ??",NULL,NULL,NULL,1436585000000,2015-07-11
1088,1090,273,1,1,1,35.50044,140.0922,???,"11-07-2015, 12:17 ??",NULL,NULL,NULL,1436585000000,2015-07-11
1089,1091,281,1,1,1,35.50332,139.6626,???,"11-07-2015, 12:21 PM",NULL,NULL,NULL,1436585000000,2015-07-11
1090,1092,255,1,1,1,35.78642,139.4724,???,"11-07-2015, 12:25 ??",NULL,NULL,NULL,1436585000000,2015-07-11
1091,1093,263,1,1,1,38.23387,140.8946,???,"11-07-2015, 12:20 ??",NULL,NULL,NULL,1436585000000,2015-07-11
1092,1094,263,1,1,1,38.23145,140.8998,???,"11-07-2015, 12:24 ??",NULL,NULL,NULL,1436585000000,2015-07-11
1093,1095,223,1,3,3,36.02493,139.597,?????,"11-07-2015, 12:29 ??",NULL,NULL,NULL,1436585000000,2015-07-11
1094,1096,261,1,2,2,34.64181,135.527,????,"11-07-2015, 12:30 ??",NULL,NULL,NULL,1436585000000,2015-07-11
1095,1097,248,1,1,1,43.08395,141.2975,???,"11-07-2015, 12:46 ??",NULL,NULL,NULL,1436586000000,2015-07-11
1096,1098,261,1,1,1,34.63896,135.5261,???,"11-07-2015, 12:47 ??",NULL,NULL,NULL,1436586000000,2015-07-11
1099,1101,219,1,2,2,35.76884,139.7896,Feeling OKAY,"11-07-2015, 12:58 PM",NULL,NULL,NULL,1436587000000,2015-07-11
1100,1102,310,1,1,1,33.57262,130.3209,???,"11-07-2015, 1:04 ??",NULL,NULL,NULL,1436587000000,2015-07-11
1101,1103,219,1,2,2,35.76959,139.7904,Feeling OKAY,"11-07-2015, 1:15 PM",NULL,NULL,NULL,1436588000000,2015-07-11
1102,1104,234,1,3,1,34.23776,133.892,???,"11-07-2015, 1:23 ??",NULL,NULL,NULL,1436589000000,2015-07-11
1103,1105,230,1,2,2,35.96652,139.7695,????,"11-07-2015, 1:55 PM",NULL,NULL,NULL,1436591000000,2015-07-11
1104,1106,278,1,1,1,36.60237,140.6543,???,"11-07-2015, 2:28 ??",NULL,NULL,NULL,1436593000000,2015-07-11
1105,1107,251,1,1,1,35.90505,139.464,???,"11-07-2015, 2:40 ??",NULL,NULL,NULL,1436593000000,2015-07-11
1106,1108,274,1,1,1,35.50342,139.417,???,"11-07-2015, 3:07 ??",NULL,NULL,NULL,1436595000000,2015-07-11
1107,1109,226,1,3,3,35.6978,139.8256,?????,"11-07-2015, 3:17 ??",NULL,NULL,NULL,1436595000000,2015-07-11
1108,1110,248,1,2,2,43.08416,141.2962,????,"11-07-2015, 3:20 ??",NULL,NULL,NULL,1436596000000,2015-07-11
1109,1111,222,1,1,1,35.16762,136.9013,???,"11-07-2015, 3:28 ??",NULL,NULL,NULL,1436596000000,2015-07-11
1110,1112,239,1,3,3,35.6658,139.7712,?????,"11-07-2015, 3:34 ??",NULL,NULL,NULL,1436596000000,2015-07-11
1111,1113,295,1,2,2,35.53034,139.6981,????,"11-07-2015, 3:44 ??",NULL,NULL,NULL,1436597000000,2015-07-11
1112,1114,249,1,1,2,35.80326,139.7172,????,"11-07-2015, 3:55 ??",NULL,NULL,NULL,1436598000000,2015-07-11
1114,1116,252,1,1,1,39.71008,141.0714,???,"11-07-2015, 5:06 ??",NULL,NULL,NULL,1436602000000,2015-07-11
1116,1118,273,1,2,2,35.89123,140.4989,????,"11-07-2015, 5:07 ??",NULL,NULL,NULL,1436602000000,2015-07-11
1117,1119,273,1,1,1,35.8903,140.4984,???,"11-07-2015, 5:10 ??",NULL,NULL,NULL,1436602000000,2015-07-11
1118,1120,266,1,1,1,35.74889,139.7991,???,"11-07-2015, 5:13 ??",NULL,NULL,NULL,1436602000000,2015-07-11
1119,1121,269,1,2,1,34.45804,135.3781,???,"11-07-2015, 5:20 ??",NULL,NULL,NULL,1436603000000,2015-07-11
1120,1122,281,1,2,2,35.52551,139.683,????,"11-07-2015, 5:40 PM",NULL,NULL,NULL,1436604000000,2015-07-11
1121,1123,256,1,1,1,35.74139,139.7974,???,"11-07-2015, 5:47 ??",NULL,NULL,NULL,1436604000000,2015-07-11
1122,1124,263,1,1,1,38.31604,140.8948,???,"11-07-2015, 5:52 ??",NULL,NULL,NULL,1436605000000,2015-07-11
1123,1125,223,1,1,1,36.0545,139.5379,???,"11-07-2015, 5:53 ??",NULL,NULL,NULL,1436605000000,2015-07-11
1124,1126,273,1,1,1,35.88911,140.501,???,"11-07-2015, 6:01 ??",NULL,NULL,NULL,1436605000000,2015-07-11
1125,1127,273,1,2,2,35.8882,140.501,????,"11-07-2015, 6:05 ??",NULL,NULL,NULL,1436606000000,2015-07-11
1127,1129,166,1,1,1,36.65683,139.0888,???,"11-07-2015, 6:21 PM",NULL,NULL,NULL,1436606000000,2015-07-11
1128,1130,273,1,1,1,35.88808,140.5104,???,"11-07-2015, 6:23 ??",NULL,NULL,NULL,1436607000000,2015-07-11
1129,1131,277,1,1,3,35.70164,139.6008,?????,"11-07-2015, 6:42 ??",NULL,NULL,NULL,1436608000000,2015-07-11
1133,1135,251,1,2,2,35.90837,139.4559,????,"11-07-2015, 7:21 ??",NULL,NULL,NULL,1436610000000,2015-07-11
1134,1136,239,1,2,2,35.66196,139.7923,????,"11-07-2015, 7:36 ??",NULL,NULL,NULL,1436611000000,2015-07-11
1135,1137,274,1,1,1,35.50328,139.4181,???,"11-07-2015, 7:37 ??",NULL,NULL,NULL,1436611000000,2015-07-11
1136,1138,248,1,2,2,43.06011,141.5069,????,"11-07-2015, 8:03 ??",NULL,NULL,NULL,1436613000000,2015-07-11
1137,1139,265,1,3,1,35.98489,139.8348,???,"11-07-2015, 8:30 ??",NULL,NULL,NULL,1436614000000,2015-07-11
1138,1140,266,1,3,1,35.68936,139.704,???,"11-07-2015, 9:46 ??",NULL,NULL,NULL,1436619000000,2015-07-11
1139,1141,256,1,2,2,35.69457,139.8239,????,"11-07-2015, 9:48 ??",NULL,NULL,NULL,1436619000000,2015-07-11
1141,1143,295,1,2,2,35.4839,139.641,????,"11-07-2015, 10:06 ??",NULL,NULL,NULL,1436620000000,2015-07-11
1142,1144,320,1,1,1,34.38548,132.4419,???,"11-07-2015, 11:32 ??",NULL,NULL,NULL,1436625000000,2015-07-11
1143,1145,278,1,3,3,36.34949,140.4864,?????,"12-07-2015, 12:36 ??",NULL,NULL,NULL,1436629000000,2015-07-11
1144,1146,281,1,2,2,35.50082,139.673,????,"12-07-2015, 6:04 AM",NULL,NULL,NULL,1436649000000,2015-07-11
1145,1147,281,1,2,2,35.50738,139.678,????,"12-07-2015, 6:08 AM",NULL,NULL,NULL,1436649000000,2015-07-11
1146,1148,232,1,3,2,33.41384,130.5152,????,"12-07-2015, 6:08 ??",NULL,NULL,NULL,1436649000000,2015-07-11
1148,1150,274,1,2,2,35.50358,139.417,????,"12-07-2015, 8:19 ??",NULL,NULL,NULL,1436657000000,2015-07-11
1149,1151,274,1,1,1,35.50283,139.4162,???,"12-07-2015, 8:21 ??",NULL,NULL,NULL,1436657000000,2015-07-11
1150,1152,274,1,1,1,35.5023,139.4152,???,"12-07-2015, 8:22 ??",NULL,NULL,NULL,1436657000000,2015-07-11
1151,1153,274,1,1,1,35.50185,139.4141,???,"12-07-2015, 8:24 ??",NULL,NULL,NULL,1436657000000,2015-07-11
1152,1154,274,1,2,2,35.50218,139.4127,????,"12-07-2015, 8:26 ??",NULL,NULL,NULL,1436657000000,2015-07-11
1153,1155,266,1,2,2,35.45613,139.3962,????,"12-07-2015, 8:59 ??",NULL,NULL,NULL,1436659000000,2015-07-11
1154,1156,256,1,2,2,35.45903,139.3966,????,"12-07-2015, 8:59 ??",NULL,NULL,NULL,1436659000000,2015-07-11
1155,1157,248,1,1,1,43.09159,141.5221,???,"12-07-2015, 9:22 ??",NULL,NULL,NULL,1436661000000,2015-07-12
1157,1159,310,1,3,3,33.59055,130.3317,?????,"12-07-2015, 9:47 ??",NULL,NULL,NULL,1436662000000,2015-07-12
1158,1160,281,1,2,2,33.93349,131.2746,????,"12-07-2015, 10:20 AM",NULL,NULL,NULL,1436664000000,2015-07-12
1159,1161,277,1,1,3,35.70043,139.5992,?????,"12-07-2015, 10:41 ??",NULL,NULL,NULL,1436665000000,2015-07-12
1160,1162,285,1,2,1,43.04604,141.3966,???,"12-07-2015, 11:37 ??",NULL,NULL,NULL,1436669000000,2015-07-12
1161,1163,295,1,3,3,35.44242,139.5217,?????,"12-07-2015, 11:48 ??",NULL,NULL,NULL,1436669000000,2015-07-12
1162,1164,239,1,2,2,35.66514,139.7123,????,"12-07-2015, 11:49 ??",NULL,NULL,NULL,1436669000000,2015-07-12
1163,1165,303,1,2,2,35.68322,139.6559,????,"12-07-2015, 12:10 ??",NULL,NULL,NULL,1436671000000,2015-07-12
1167,1169,270,1,3,3,34.80008,137.3577,?????,"12-07-2015, 1:11 ??",NULL,NULL,NULL,1436674000000,2015-07-12
1169,1171,232,1,1,2,33.40343,130.5157,????,"12-07-2015, 1:29 ??",NULL,NULL,NULL,1436675000000,2015-07-12
1170,1172,166,1,1,1,36.66759,139.1196,???,"12-07-2015, 1:33 PM",NULL,NULL,NULL,1436676000000,2015-07-12
1171,1173,252,1,2,2,39.7843,141.1283,????,"12-07-2015, 2:45 ??",NULL,NULL,NULL,1436680000000,2015-07-12
1172,1174,256,1,2,2,35.69462,139.8237,????,"12-07-2015, 2:31 ??",NULL,NULL,NULL,1436679000000,2015-07-12
1173,1175,248,1,1,1,43.06013,141.5069,???,"12-07-2015, 2:51 ??",NULL,NULL,NULL,1436680000000,2015-07-12
1177,1179,304,1,1,1,35.72872,139.9062,???,"12-07-2015, 3:27 ??",NULL,NULL,NULL,1436682000000,2015-07-12
1178,1180,295,1,3,3,35.46801,139.624,?????,"12-07-2015, 3:52 ??",NULL,NULL,NULL,1436684000000,2015-07-12
1179,1181,274,1,2,2,35.505,139.4168,????,"12-07-2015, 4:20 ??",NULL,NULL,NULL,1436686000000,2015-07-12
1180,1182,274,1,2,2,35.50472,139.4154,????,"12-07-2015, 4:23 ??",NULL,NULL,NULL,1436686000000,2015-07-12
1181,1183,234,1,2,2,33.99867,133.5618,????,"12-07-2015, 4:36 ??",NULL,NULL,NULL,1436687000000,2015-07-12
1182,1184,255,1,1,1,35.67634,139.4729,???,"12-07-2015, 6:26 ??",NULL,NULL,NULL,1436693000000,2015-07-12
1184,1186,285,1,2,1,43.02999,141.4373,???,"12-07-2015, 7:27 ??",NULL,NULL,NULL,1436697000000,2015-07-12
1185,1187,281,1,2,2,35.55721,139.7349,????,"12-07-2015, 8:10 PM",NULL,NULL,NULL,1436699000000,2015-07-12
1187,1189,295,1,1,1,35.47486,139.5479,???,"12-07-2015, 10:29 ??",NULL,NULL,NULL,1436708000000,2015-07-12
1190,1192,270,1,1,1,34.80329,137.3459,???,"12-07-2015, 11:09 ??",NULL,NULL,NULL,1436710000000,2015-07-12
1191,1193,277,1,3,3,35.70258,139.6009,?????,"12-07-2015, 11:20 ??",NULL,NULL,NULL,1436711000000,2015-07-12
1194,1196,226,1,1,2,35.68555,139.845,????,"13-07-2015, 5:37 ??",NULL,NULL,NULL,1436733000000,2015-07-12
1195,1197,274,1,1,1,35.50368,139.417,???,"13-07-2015, 5:37 ??",NULL,NULL,NULL,1436733000000,2015-07-12
1196,1198,303,1,2,2,35.68382,139.7672,????,"13-07-2015, 5:51 ??",NULL,NULL,NULL,1436734000000,2015-07-12
1197,1199,274,1,2,2,35.50096,139.4122,????,"13-07-2015, 6:08 ??",NULL,NULL,NULL,1436735000000,2015-07-12
1198,1200,232,1,1,2,33.42833,130.5328,????,"13-07-2015, 6:13 ??",NULL,NULL,NULL,1436736000000,2015-07-12
1199,1201,230,1,1,1,35.96847,139.7677,???,"13-07-2015, 6:20 AM",NULL,NULL,NULL,1436736000000,2015-07-12
1200,1202,248,1,1,1,43.09404,141.4464,???,"13-07-2015, 6:39 ??",NULL,NULL,NULL,1436737000000,2015-07-12
1201,1203,248,1,1,1,43.09424,141.4429,???,"13-07-2015, 6:40 ??",NULL,NULL,NULL,1436737000000,2015-07-12
1202,1204,248,1,1,1,43.09448,141.4333,???,"13-07-2015, 6:41 ??",NULL,NULL,NULL,1436737000000,2015-07-12
1203,1205,248,1,1,1,43.08866,141.4144,???,"13-07-2015, 6:47 ??",NULL,NULL,NULL,1436738000000,2015-07-12
1204,1206,304,1,2,2,35.72321,139.8689,????,"13-07-2015, 7:11 ??",NULL,NULL,NULL,1436739000000,2015-07-12
1206,1208,255,1,1,1,35.77276,139.5172,???,"13-07-2015, 7:46 ??",NULL,NULL,NULL,1436741000000,2015-07-12
1207,1209,277,1,3,3,35.69818,139.5995,?????,"13-07-2015, 8:13 ??",NULL,NULL,NULL,1436743000000,2015-07-12
1208,1210,281,1,2,2,35.5084,139.6755,????,"13-07-2015, 8:21 AM",NULL,NULL,NULL,1436743000000,2015-07-12
1210,1212,310,1,2,2,33.5758,130.3413,????,"13-07-2015, 10:05 ??",NULL,NULL,NULL,1436750000000,2015-07-13
1211,1213,252,1,3,3,39.77348,141.141,?????,"13-07-2015, 10:43 ??",NULL,NULL,NULL,1436752000000,2015-07-13
1214,1216,278,1,3,3,36.32695,140.4644,?????,"13-07-2015, 12:21 ??",NULL,NULL,NULL,1436758000000,2015-07-13
1216,1218,241,1,1,1,35.77116,139.8431,???,"13-07-2015, 12:32 ??",NULL,NULL,NULL,1436758000000,2015-07-13
1218,1220,270,1,3,2,34.81777,137.3525,????,"13-07-2015, 12:43 ??",NULL,NULL,NULL,1436759000000,2015-07-13
1219,1221,310,1,2,2,33.57553,130.3382,????,"13-07-2015, 12:44 ??",NULL,NULL,NULL,1436759000000,2015-07-13
1220,1222,320,1,2,2,34.41108,132.4511,????,"13-07-2015, 1:18 ??",NULL,NULL,NULL,1436761000000,2015-07-13
1221,1223,248,1,2,2,43.08391,141.2971,????,"13-07-2015, 1:45 ??",NULL,NULL,NULL,1436763000000,2015-07-13
1222,1224,304,1,1,1,35.6748,139.7628,???,"13-07-2015, 2:09 ??",NULL,NULL,NULL,1436764000000,2015-07-13
1223,1225,226,1,1,2,35.6482,139.7522,????,"13-07-2015, 2:09 ??",NULL,NULL,NULL,1436764000000,2015-07-13
1224,1226,226,1,2,2,35.64955,139.7532,????,"13-07-2015, 2:10 ??",NULL,NULL,NULL,1436764000000,2015-07-13
1225,1227,303,1,2,2,36.19818,139.1389,????,"13-07-2015, 2:30 ??",NULL,NULL,NULL,1436765000000,2015-07-13
1226,1228,285,1,3,1,43.07541,141.3444,???,"13-07-2015, 3:20 ??",NULL,NULL,NULL,1436768000000,2015-07-13
1227,1229,285,1,1,3,43.07621,141.3453,?????,"13-07-2015, 3:20 ??",NULL,NULL,NULL,1436768000000,2015-07-13
1228,1230,320,1,1,1,34.38546,132.4417,???,"13-07-2015, 4:51 ??",NULL,NULL,NULL,1436774000000,2015-07-13
1229,1231,270,1,1,1,34.80331,137.3459,???,"13-07-2015, 4:53 ??",NULL,NULL,NULL,1436774000000,2015-07-13
1230,1232,241,1,2,1,35.77144,139.8467,???,"13-07-2015, 4:53 ??",NULL,NULL,NULL,1436774000000,2015-07-13
1232,1234,248,1,2,2,43.10063,141.3391,????,"13-07-2015, 5:01 ??",NULL,NULL,NULL,1436774000000,2015-07-13
1233,1235,241,1,1,1,35.76719,139.8356,???,"13-07-2015, 5:01 ??",NULL,NULL,NULL,1436774000000,2015-07-13
1234,1236,248,1,1,1,43.10137,141.3445,???,"13-07-2015, 5:03 ??",NULL,NULL,NULL,1436775000000,2015-07-13
1235,1237,248,1,1,1,43.10261,141.3548,???,"13-07-2015, 5:06 ??",NULL,NULL,NULL,1436775000000,2015-07-13
1236,1238,241,1,3,1,35.7571,139.8291,???,"13-07-2015, 5:06 ??",NULL,NULL,NULL,1436775000000,2015-07-13
1237,1239,310,1,1,1,33.57496,130.3306,???,"13-07-2015, 5:15 ??",NULL,NULL,NULL,1436775000000,2015-07-13
1238,1240,277,1,1,3,35.70369,139.6011,?????,"13-07-2015, 5:47 ??",NULL,NULL,NULL,1436777000000,2015-07-13
1239,1241,310,1,3,1,33.57877,130.3278,???,"13-07-2015, 6:58 ??",NULL,NULL,NULL,1436782000000,2015-07-13
1242,1244,303,1,1,1,35.91038,139.6237,???,"13-07-2015, 7:37 ??",NULL,NULL,NULL,1436784000000,2015-07-13
1243,1245,281,1,2,2,35.64898,139.7568,????,"13-07-2015, 7:52 PM",NULL,NULL,NULL,1436785000000,2015-07-13
1244,1246,281,1,3,2,35.65014,139.7563,????,"13-07-2015, 7:53 PM",NULL,NULL,NULL,1436785000000,2015-07-13
1245,1247,255,1,1,1,35.6844,139.7298,???,"13-07-2015, 9:18 ??",NULL,NULL,NULL,1436790000000,2015-07-13
1247,1249,241,1,1,1,35.80171,139.9813,???,"13-07-2015, 9:27 ??",NULL,NULL,NULL,1436790000000,2015-07-13
1249,1251,252,1,3,3,39.77192,141.1368,?????,"13-07-2015, 11:15 ??",NULL,NULL,NULL,1436797000000,2015-07-13
1251,1253,263,1,1,1,37.92319,140.6092,???,"14-07-2015, 3:38 ??",NULL,NULL,NULL,1436813000000,2015-07-13
1252,1254,332,1,1,1,34.69443,135.481,???,"14-07-2015, 5:34 ??",NULL,NULL,NULL,1436820000000,2015-07-13
1253,1255,304,1,2,2,35.72258,139.8667,????,"14-07-2015, 6:59 ??",NULL,NULL,NULL,1436825000000,2015-07-13
1254,1256,285,1,1,3,43.07731,141.3435,?????,"14-07-2015, 7:09 ??",NULL,NULL,NULL,1436825000000,2015-07-13
1255,1257,255,1,1,1,35.78719,139.4735,???,"14-07-2015, 7:44 ??",NULL,NULL,NULL,1436827000000,2015-07-13
1256,1258,255,1,1,1,35.78965,139.4746,???,"14-07-2015, 7:46 ??",NULL,NULL,NULL,1436828000000,2015-07-13
1257,1259,303,1,2,2,35.69013,139.7089,????,"14-07-2015, 7:51 ??",NULL,NULL,NULL,1436828000000,2015-07-13
1258,1260,332,1,1,1,34.7918,135.4393,???,"14-07-2015, 8:02 ??",NULL,NULL,NULL,1436829000000,2015-07-13
1260,1262,281,1,2,2,35.50836,139.6755,????,"14-07-2015, 8:22 AM",NULL,NULL,NULL,1436830000000,2015-07-13
1261,1263,270,1,1,1,34.81746,137.352,???,"14-07-2015, 8:20 ??",NULL,NULL,NULL,1436830000000,2015-07-13
1262,1264,230,1,2,2,35.68624,139.8001,????,"14-07-2015, 8:30 AM",NULL,NULL,NULL,1436830000000,2015-07-13
1263,1265,263,1,1,1,35.84085,137.9342,???,"14-07-2015, 9:51 ??",NULL,NULL,NULL,1436835000000,2015-07-14
1264,1266,263,1,1,1,35.83213,137.928,???,"14-07-2015, 9:55 ??",NULL,NULL,NULL,1436835000000,2015-07-14
1265,1267,252,1,2,2,39.72472,141.1468,????,"14-07-2015, 10:46 ??",NULL,NULL,NULL,1436838000000,2015-07-14
1266,1268,332,1,1,1,35.67723,139.7659,???,"14-07-2015, 10:39 ??",NULL,NULL,NULL,1436838000000,2015-07-14
1269,1271,295,1,2,2,35.42979,139.4929,????,"14-07-2015, 11:43 ??",NULL,NULL,NULL,1436842000000,2015-07-14
1270,1272,332,1,1,1,35.6193,139.7315,???,"14-07-2015, 12:41 ??",NULL,NULL,NULL,1436845000000,2015-07-14
1271,1273,270,1,3,2,34.79985,137.354,????,"14-07-2015, 1:04 ??",NULL,NULL,NULL,1436847000000,2015-07-14
1272,1274,332,1,1,1,35.7101,139.8482,???,"14-07-2015, 2:45 ??",NULL,NULL,NULL,1436853000000,2015-07-14
1274,1276,265,1,1,1,35.84339,139.9137,???,"14-07-2015, 3:14 ??",NULL,NULL,NULL,1436854000000,2015-07-14
1275,1277,252,1,2,2,39.70433,141.1238,????,"14-07-2015, 3:32 ??",NULL,NULL,NULL,1436856000000,2015-07-14
1276,1278,252,1,1,1,39.7059,141.1318,???,"14-07-2015, 3:34 ??",NULL,NULL,NULL,1436856000000,2015-07-14
1277,1279,303,1,2,1,35.69165,139.6952,???,"14-07-2015, 3:32 ??",NULL,NULL,NULL,1436856000000,2015-07-14
1278,1280,278,1,2,2,36.34937,140.4868,????,"14-07-2015, 3:35 ??",NULL,NULL,NULL,1436856000000,2015-07-14
1279,1281,263,1,3,3,35.6005,136.9473,?????,"14-07-2015, 3:39 ??",NULL,NULL,NULL,1436856000000,2015-07-14
1280,1282,263,1,1,1,35.78381,136.924,???,"14-07-2015, 3:53 ??",NULL,NULL,NULL,1436857000000,2015-07-14
1281,1283,263,1,2,2,35.8722,136.8753,????,"14-07-2015, 3:59 ??",NULL,NULL,NULL,1436857000000,2015-07-14
1282,1284,263,1,1,1,35.87337,136.8766,???,"14-07-2015, 4:00 ??",NULL,NULL,NULL,1436857000000,2015-07-14
1283,1285,263,1,3,3,35.87555,136.8785,?????,"14-07-2015, 4:00 ??",NULL,NULL,NULL,1436857000000,2015-07-14
1284,1286,263,1,3,3,35.92621,136.8748,?????,"14-07-2015, 4:04 ??",NULL,NULL,NULL,1436857000000,2015-07-14
1285,1287,252,1,1,1,39.68316,141.1354,???,"14-07-2015, 4:22 ??",NULL,NULL,NULL,1436859000000,2015-07-14
1286,1288,263,1,1,1,35.9879,136.9095,???,"14-07-2015, 4:11 ??",NULL,NULL,NULL,1436858000000,2015-07-14
1287,1289,263,1,3,3,35.98907,136.9125,?????,"14-07-2015, 4:22 ??",NULL,NULL,NULL,1436859000000,2015-07-14
1288,1290,332,1,1,1,35.68504,139.9928,???,"14-07-2015, 4:41 ??",NULL,NULL,NULL,1436860000000,2015-07-14
1290,1292,241,1,2,1,35.78524,139.9011,???,"14-07-2015, 5:56 ??",NULL,NULL,NULL,1436864000000,2015-07-14
1291,1293,263,1,3,3,36.89235,137.4934,?????,"14-07-2015, 6:22 ??",NULL,NULL,NULL,1436866000000,2015-07-14
1292,1294,263,1,1,1,36.91566,137.5126,???,"14-07-2015, 6:23 ??",NULL,NULL,NULL,1436866000000,2015-07-14
1293,1295,320,1,1,1,34.37995,132.4669,???,"14-07-2015, 6:33 ??",NULL,NULL,NULL,1436866000000,2015-07-14
1294,1296,270,1,1,3,34.84923,137.3185,?????,"14-07-2015, 6:54 ??",NULL,NULL,NULL,1436868000000,2015-07-14
1295,1297,332,1,2,1,35.6174,139.7443,???,"14-07-2015, 7:09 ??",NULL,NULL,NULL,1436869000000,2015-07-14
1296,1298,281,1,1,1,35.64854,139.7551,???,"14-07-2015, 7:17 PM",NULL,NULL,NULL,1436869000000,2015-07-14
1297,1299,281,1,1,1,35.65023,139.754,???,"14-07-2015, 7:19 PM",NULL,NULL,NULL,1436869000000,2015-07-14
1299,1301,303,1,1,1,35.68338,139.6537,???,"14-07-2015, 7:38 ??",NULL,NULL,NULL,1436870000000,2015-07-14
1303,1305,252,1,1,1,39.77176,141.1365,???,"14-07-2015, 9:00 ??",NULL,NULL,NULL,1436875000000,2015-07-14
1305,1307,295,1,2,2,35.49322,139.6638,????,"14-07-2015, 10:10 ??",NULL,NULL,NULL,1436879000000,2015-07-14
1306,1308,320,1,2,2,34.38545,132.4417,????,"14-07-2015, 10:44 ??",NULL,NULL,NULL,1436881000000,2015-07-14
1309,1311,241,1,1,1,35.79648,139.9155,???,"15-07-2015, 1:04 ??",NULL,NULL,NULL,1436890000000,2015-07-14
1310,1312,263,1,2,3,38.23293,140.9,?????,"15-07-2015, 3:14 ??",NULL,NULL,NULL,1436898000000,2015-07-14
1311,1313,303,1,1,1,35.69531,139.6561,???,"15-07-2015, 5:06 ??",NULL,NULL,NULL,1436904000000,2015-07-14
1315,1317,320,1,1,3,34.38674,132.4644,?????,"15-07-2015, 7:46 ??",NULL,NULL,NULL,1436914000000,2015-07-14
1316,1318,281,1,1,1,35.50656,139.6745,???,"15-07-2015, 8:07 AM",NULL,NULL,NULL,1436915000000,2015-07-14
1317,1319,270,1,3,1,34.81714,137.3494,???,"15-07-2015, 8:19 ??",NULL,NULL,NULL,1436916000000,2015-07-14
